Date,CloseBTC,CloseETH,index,CloseBTCNorm,CloseETHNorm
2015-08-06,277.890015,3,1,0.02,0.006
2015-08-07,258.600006,1.2,2,0.02,0.003
2015-08-08,263.869995,1.2,3,0.02,0.003
2015-08-09,263.299988,1.2,4,0.02,0.003
2015-08-10,269.029999,0.99,5,0.02,0.002
2015-08-11,267.660004,1.29,6,0.02,0.003
2015-08-12,263.440002,1.88,7,0.02,0.004
2015-08-13,265.029999,1.79,8,0.02,0.004
2015-08-14,260.519989,1.79,9,0.02,0.004
2015-08-15,257.119995,1.37,10,0.02,0.003
2015-08-16,257.130005,1.3,11,0.02,0.003
2015-08-17,246.720001,1.36,12,0.01,0.003
2015-08-18,226,1.24,13,0.01,0.003
2015-08-19,234.660004,1.52,14,0.01,0.003
2015-08-20,232.399994,1.44,15,0.01,0.003
2015-08-21,229.539993,1.4,16,0.01,0.003
2015-08-22,226.75,1.35,17,0.01,0.003
2015-08-23,211.429993,1.24,18,0.01,0.003
2015-08-24,220.509995,1.27,19,0.01,0.003
2015-08-25,224.970001,1.18,20,0.01,0.002
2015-08-26,222.729996,1.14,21,0.01,0.002
2015-08-27,231.639999,1.3,22,0.01,0.003
2015-08-28,228.5,1.18,23,0.01,0.002
2015-08-29,228.399994,1.32,24,0.01,0.003
2015-08-30,229.470001,1.31,25,0.01,0.003
2015-08-31,227.179993,1.36,26,0.01,0.003
2015-09-01,228.630005,1.14,27,0.01,0.002
2015-09-02,226.199997,1.23,28,0.01,0.003
2015-09-03,230.25,1.35,29,0.01,0.003
2015-09-04,233.669998,1.37,30,0.01,0.003
2015-09-05,239.860001,1.34,31,0.01,0.003
2015-09-06,239.580002,1.28,32,0.01,0.003
2015-09-07,243.240005,1.26,33,0.01,0.003
2015-09-08,237.410004,1.21,34,0.01,0.003
2015-09-09,238.080002,1.19,35,0.01,0.003
2015-09-10,239.899994,0.9242,36,0.01,0.002
2015-09-11,235.600006,1.15,37,0.01,0.002
2015-09-12,230.190002,0.8856,38,0.01,0.002
2015-09-13,229.910004,0.955,39,0.01,0.002
2015-09-14,229.529999,0.95,40,0.01,0.002
2015-09-15,228.600006,0.9363,41,0.01,0.002
2015-09-16,232.720001,0.875,42,0.01,0.002
2015-09-17,232.210007,0.8523,43,0.01,0.002
2015-09-18,231.110001,0.89,44,0.01,0.002
2015-09-19,231.089996,0.8871,45,0.01,0.002
2015-09-20,226.330002,0.9412,46,0.01,0.002
2015-09-21,230.009995,0.8059,47,0.01,0.002
2015-09-22,229.889999,0.91,48,0.01,0.002
2015-09-23,233.759995,0.8,49,0.01,0.002
2015-09-24,235.029999,0.6823,50,0.01,0.001
2015-09-25,234.300003,0.7703,51,0.01,0.002
2015-09-26,232.5,0.7008,52,0.01,0.001
2015-09-27,238.869995,0.6,53,0.01,0.001
2015-09-28,236.710007,0.6816,54,0.01,0.001
2015-09-29,235.929993,0.7137,55,0.01,0.002
2015-09-30,237.050003,0.6548,56,0.01,0.001
2015-10-01,236.710007,0.6647,57,0.01,0.001
2015-10-02,238.580002,0.6796,58,0.01,0.001
2015-10-17,261.670013,0.505,59,0.02,0.001
2015-10-18,263.820007,0.5,60,0.02,0.001
2015-10-19,269.75,0.44,61,0.02,0.001
2015-10-20,267.109985,0.42,62,0.02,0.001
2015-10-21,274.420013,0.609,63,0.02,0.001
2015-10-22,276.920013,0.5649,64,0.02,0.001
2015-10-23,282.559998,0.5561,65,0.02,0.001
2015-10-24,287.859985,0.62,66,0.02,0.001
2015-10-26,285.149994,0.706,67,0.02,0.001
2015-12-15,462.649994,1,68,0.03,0.002
2015-12-16,453.980011,0.803,69,0.03,0.002
2015-12-17,455.529999,0.94,70,0.03,0.002
2015-12-18,463.179993,0.9,71,0.03,0.002
2015-12-19,461.200012,0.8935,72,0.03,0.002
2015-12-20,441.779999,1.07,73,0.03,0.002
2015-12-21,437.589996,0.91,74,0.03,0.002
2015-12-22,437.029999,0.88,75,0.03,0.002
2015-12-23,442.429993,0.8709,76,0.03,0.002
2015-12-24,452.980011,0.87,77,0.03,0.002
2015-12-25,454.049988,0.88,78,0.03,0.002
2015-12-26,415.369995,0.853,79,0.02,0.002
2015-12-27,422.390015,0.918,80,0.03,0.002
2015-12-28,421.76001,0.8749,81,0.03,0.002
2015-12-29,431.920013,0.86,82,0.03,0.002
2015-12-30,427.149994,0.8925,83,0.03,0.002
2015-12-31,429.950012,0.9488,84,0.03,0.002
2016-01-01,433.98999,0.92,85,0.03,0.002
2016-01-02,433.720001,0.9547,86,0.03,0.002
2016-01-03,430.700012,0.96,87,0.03,0.002
2016-01-04,433.320007,0.95,88,0.03,0.002
2016-01-05,431.200012,0.9426,89,0.03,0.002
2016-01-06,430.820007,0.95,90,0.03,0.002
2016-01-07,457.049988,0.94,91,0.03,0.002
2016-01-08,452.869995,0.985,92,0.03,0.002
2016-01-09,448.309998,0.985,93,0.03,0.002
2016-01-10,446.190002,1,94,0.03,0.002
2016-01-11,447.720001,1.08,95,0.03,0.002
2016-01-12,445.040009,1.22,96,0.03,0.003
2016-01-13,432.179993,1.14,97,0.03,0.002
2016-01-14,429.130005,1.16,98,0.03,0.002
2016-01-15,372.26001,1.2,99,0.02,0.003
2016-01-16,385.040009,1.22,100,0.02,0.003
2016-01-17,382.470001,1.31,101,0.02,0.003
2016-01-18,384.399994,1.47,102,0.02,0.003
2016-01-19,379.459991,1.22,103,0.02,0.003
2016-01-20,414.579987,1.54,104,0.02,0.003
2016-01-21,410.23999,1.54,105,0.02,0.003
2016-01-22,382.649994,1.52,106,0.02,0.003
2016-01-23,388.609985,2.03,107,0.02,0.004
2016-01-24,402.130005,2.1,108,0.02,0.004
2016-01-25,392.76001,2.5,109,0.02,0.005
2016-01-26,389.779999,2.3,110,0.02,0.005
2016-01-27,395.019989,2.42,111,0.02,0.005
2016-01-28,379.690002,2.55,112,0.02,0.005
2016-01-29,380.290009,2.41,113,0.02,0.005
2016-01-30,377.76001,2.44,114,0.02,0.005
2016-01-31,369.839996,2.2,115,0.02,0.005
2016-02-01,372.179993,2.17,116,0.02,0.005
2016-02-02,373.920013,2.45,117,0.02,0.005
2016-02-03,368.019989,2.53,118,0.02,0.005
2016-02-04,390.649994,2.57,119,0.02,0.005
2016-02-05,386.459991,2.56,120,0.02,0.005
2016-02-06,376.679993,2.53,121,0.02,0.005
2016-02-07,377.940002,3,122,0.02,0.006
2016-02-08,372.630005,3.16,123,0.02,0.007
2016-02-09,375.320007,3.76,124,0.02,0.008
2016-02-10,381.880005,4.35,125,0.02,0.009
2016-02-11,379.450012,6.38,126,0.02,0.013
2016-02-12,384.040009,5.27,127,0.02,0.011
2016-02-13,390.100006,5.22,128,0.02,0.011
2016-02-14,405.5,5.2,129,0.02,0.011
2016-02-15,401.070007,5.22,130,0.02,0.011
2016-02-16,406.420013,4.25,131,0.02,0.009
2016-02-17,417.140015,3.86,132,0.02,0.008
2016-02-18,421.399994,4.36,133,0.03,0.009
2016-02-19,419.980011,4.45,134,0.02,0.009
2016-02-20,440.059998,4.37,135,0.03,0.009
2016-02-21,437.869995,4.63,136,0.03,0.010
2016-02-22,437.790009,5.6,137,0.03,0.012
2016-02-23,419.899994,5.7,138,0.02,0.012
2016-02-24,422.720001,6.23,139,0.03,0.013
2016-02-25,423.480011,5.93,140,0.03,0.012
2016-02-26,427.320007,6.03,141,0.03,0.013
2016-02-27,431.299988,6.31,142,0.03,0.013
2016-02-28,432.470001,6.5,143,0.03,0.014
2016-02-29,436.209991,6.35,144,0.03,0.013
2016-03-01,434.040009,7.59,145,0.03,0.016
2016-03-02,425.359985,8.7,146,0.03,0.018
2016-03-03,419.559998,9.35,147,0.02,0.020
2016-03-04,409.480011,9.96,148,0.02,0.021
2016-03-05,399,11,149,0.02,0.023
2016-03-06,405.959991,10.98,150,0.02,0.023
2016-03-07,414.869995,9.5,151,0.02,0.020
2016-03-08,411.899994,9.88,152,0.02,0.021
2016-03-09,412.76001,11.55,153,0.02,0.024
2016-03-10,415.829987,11.11,154,0.02,0.023
2016-03-11,419.109985,11.25,155,0.02,0.024
2016-03-12,410.359985,13.25,156,0.02,0.028
2016-03-13,412.410004,15,157,0.02,0.032
2016-03-14,414.309998,12.5,158,0.02,0.026
2016-03-15,415.130005,13.09,159,0.02,0.028
2016-03-16,415.910004,12.92,160,0.02,0.027
2016-03-17,418.160004,11.14,161,0.02,0.023
2016-03-18,408.160004,10.75,162,0.02,0.023
2016-03-19,408.690002,10.55,163,0.02,0.022
2016-03-20,411.529999,10.06,164,0.02,0.021
2016-03-21,411.109985,11.97,165,0.02,0.025
2016-03-22,416.209991,10.96,166,0.02,0.023
2016-03-23,416.980011,12.29,167,0.02,0.026
2016-03-24,414.73999,11.13,168,0.02,0.023
2016-03-25,415.709991,10.69,169,0.02,0.022
2016-03-26,416.51001,11,170,0.02,0.023
2016-03-27,424.570007,10.5,171,0.03,0.022
2016-03-27,422.209991,11.58,172,0.03,0.024
2016-03-28,415,11.73,173,0.02,0.025
2016-03-29,412.440002,11.88,174,0.02,0.025
2016-03-30,415.660004,11.41,175,0.02,0.024
2016-03-31,415.640015,11.63,176,0.02,0.024
2016-04-01,418.51001,11.61,177,0.02,0.024
2016-04-02,419.059998,11.58,178,0.02,0.024
2016-04-03,419.329987,11.1,179,0.02,0.023
2016-04-04,422.070007,10.39,180,0.03,0.022
2016-04-05,421.26001,10.79,181,0.03,0.023
2016-04-06,420.140015,10.08,182,0.02,0.021
2016-04-07,417.690002,9.74,183,0.02,0.020
2016-04-08,418.049988,9.16,184,0.02,0.019
2016-04-09,420.25,8.8,185,0.02,0.019
2016-04-10,421.429993,8.72,186,0.03,0.018
2016-04-11,424.73999,7.53,187,0.03,0.016
2016-04-12,423.470001,8.02,188,0.03,0.017
2016-04-13,424.019989,8.48,189,0.03,0.018
2016-04-14,428.670013,8.22,190,0.03,0.017
2016-04-15,430.049988,8.48,191,0.03,0.018
2016-04-16,426.26001,9.45,192,0.03,0.020
2016-04-17,427.690002,8.92,193,0.03,0.019
2016-04-18,434.920013,8.77,194,0.03,0.018
2016-04-19,441.160004,8.54,195,0.03,0.018
2016-04-20,449.339996,8.15,196,0.03,0.017
2016-04-21,445.279999,7.83,197,0.03,0.016
2016-04-22,450.079987,8.31,198,0.03,0.017
2016-04-23,457.559998,8,199,0.03,0.017
2016-04-24,461.730011,7.43,200,0.03,0.016
2016-04-25,466,7.5,201,0.03,0.016
2016-04-26,447.01001,7.77,202,0.03,0.016
2016-04-27,448.480011,7.3,203,0.03,0.015
2016-04-28,454.980011,7.51,204,0.03,0.016
2016-04-29,448.529999,8.83,205,0.03,0.019
2016-04-30,452.23999,8.76,206,0.03,0.018
2016-05-01,444.179993,10.03,207,0.03,0.021
2016-05-02,450.269989,9.37,208,0.03,0.020
2016-05-03,445.799988,9.43,209,0.03,0.020
2016-05-04,448.079987,9.79,210,0.03,0.021
2016-05-05,459.559998,9.27,211,0.03,0.020
2016-05-06,458.459991,9.3,212,0.03,0.020
2016-05-07,457.869995,9.44,213,0.03,0.020
2016-05-08,460.440002,9.32,214,0.03,0.020
2016-05-09,449.359985,9.39,215,0.03,0.020
2016-05-10,452.5,9.97,216,0.03,0.021
2016-05-11,454.429993,10.1,217,0.03,0.021
2016-05-12,455.410004,10.48,218,0.03,0.022
2016-05-13,456.440002,10.14,219,0.03,0.021
2016-05-14,458.109985,9.94,220,0.03,0.021
2016-05-15,454.869995,11.04,221,0.03,0.023
2016-05-16,453.25,12.26,222,0.03,0.026
2016-05-17,454.220001,13.29,223,0.03,0.028
2016-05-18,442.660004,14.49,224,0.03,0.030
2016-05-19,442.109985,13.73,225,0.03,0.029
2016-05-20,443.640015,13.95,226,0.03,0.029
2016-05-21,439.619995,14.21,227,0.03,0.030
2016-05-22,443.690002,13.45,228,0.03,0.028
2016-05-23,446.109985,12.62,229,0.03,0.027
2016-05-24,449.779999,12.53,230,0.03,0.026
2016-05-25,453.299988,12.37,231,0.03,0.026
2016-05-26,474.049988,11.11,232,0.03,0.023
2016-05-27,524.219971,11.56,233,0.03,0.024
2016-05-28,516.049988,12.28,234,0.03,0.026
2016-05-29,532.26001,12.48,235,0.03,0.026
2016-05-30,528.919983,13.85,236,0.03,0.029
2016-05-31,537.400024,13.83,237,0.03,0.029
2016-06-01,537.099976,13.78,238,0.03,0.029
2016-06-02,567.030029,13.78,239,0.03,0.029
2016-06-03,571.950012,13.66,240,0.03,0.029
2016-06-04,574.909973,13.85,241,0.03,0.029
2016-06-05,583.580017,13.96,242,0.03,0.029
2016-06-06,575.580017,14.41,243,0.03,0.030
2016-06-07,580.51001,14.44,244,0.03,0.030
2016-06-08,574.690002,14.49,245,0.03,0.030
2016-06-09,577.890015,13.97,246,0.03,0.029
2016-06-10,591.599976,14.01,247,0.04,0.029
2016-06-11,666.549988,15.57,248,0.04,0.033
2016-06-12,700.070007,17.549999,249,0.04,0.037
2016-06-13,685.140015,18.700001,250,0.04,0.039
2016-06-14,690.77002,18.299999,251,0.04,0.039
2016-06-15,761.210022,20.610001,252,0.05,0.043
2016-06-16,743.900024,15.49,253,0.04,0.033
2016-06-17,753.77002,11.36,254,0.04,0.024
2016-06-18,761.039978,12.33,255,0.05,0.026
2016-06-19,733.969971,11.7,256,0.04,0.025
2016-06-20,667.380005,12.71,257,0.04,0.027
2016-06-21,590.559998,13.21,258,0.04,0.028
2016-06-22,620.840027,13.58,259,0.04,0.029
2016-06-23,656.890015,14.25,260,0.04,0.030
2016-06-24,663.52002,14.28,261,0.04,0.030
2016-06-25,625.409973,13.82,262,0.04,0.029
2016-06-26,644.659973,14.04,263,0.04,0.030
2016-06-27,644.890015,12.15,264,0.04,0.026
2016-06-28,636.539978,12.76,265,0.04,0.027
2016-06-29,670.02002,12.4,266,0.04,0.026
2016-06-30,674.570007,12.23,267,0.04,0.026
2016-07-01,698.059998,12.04,268,0.04,0.025
2016-07-02,661.640015,11.85,269,0.04,0.025
2016-07-03,675.159973,11.34,270,0.04,0.024
2016-07-04,663.669983,10.45,271,0.04,0.022
2016-07-05,672.700012,10.51,272,0.04,0.022
2016-07-06,635.25,10.07,273,0.04,0.021
2016-07-07,662.780029,11.3,274,0.04,0.024
2016-07-08,651.830017,10.92,275,0.04,0.023
2016-07-09,647.109985,10.97,276,0.04,0.023
2016-07-10,646.710022,10.58,277,0.04,0.022
2016-07-11,670.559998,10.54,278,0.04,0.022
2016-07-12,661.150024,10.44,279,0.04,0.022
2016-07-13,657.25,11.55,280,0.04,0.024
2016-07-14,664.200012,11.88,281,0.04,0.025
2016-07-15,660.690002,11.59,282,0.04,0.024
2016-07-16,676.330017,11.19,283,0.04,0.024
2016-07-17,670.380005,11.03,284,0.04,0.023
2016-07-18,671.099976,11.63,285,0.04,0.024
2016-07-19,664.400024,12.54,286,0.04,0.026
2016-07-20,664.619995,12.66,287,0.04,0.027
2016-07-21,651.109985,14.82,288,0.04,0.031
2016-07-22,655.159973,14.4,289,0.04,0.030
2016-07-23,659.289978,12.63,290,0.04,0.027
2016-07-24,654,13.84,291,0.04,0.029
2016-07-25,654.380005,12.08,292,0.04,0.025
2016-07-26,654.539978,13.05,293,0.04,0.027
2016-07-27,654.130005,12.87,294,0.04,0.027
2016-07-28,655.429993,12.87,295,0.04,0.027
2016-07-29,654.73999,12.57,296,0.04,0.026
2016-07-30,621.869995,11.86,297,0.04,0.025
2016-07-31,607,11.04,298,0.04,0.023
2016-08-01,513.429993,8.3,299,0.03,0.017
2016-08-02,566.440002,10.42,300,0.03,0.022
2016-08-03,576.219971,11.21,301,0.03,0.024
2016-08-04,574.659973,11.05,302,0.03,0.023
2016-08-05,586.450012,10.95,303,0.03,0.023
2016-08-06,590.849976,10.98,304,0.04,0.023
2016-08-07,589.23999,11.29,305,0.03,0.024
2016-08-08,585.25,12.22,306,0.03,0.026
2016-08-09,590.940002,12.22,307,0.04,0.026
2016-08-10,587.840027,11.68,308,0.03,0.025
2016-08-11,587.140015,11.78,309,0.03,0.025
2016-08-12,584.590027,11.56,310,0.03,0.024
2016-08-13,569.059998,11.21,311,0.03,0.024
2016-08-14,566.950012,11.21,312,0.03,0.024
2016-08-15,580.190002,11.17,313,0.03,0.024
2016-08-16,572.340027,10.77,314,0.03,0.023
2016-08-17,573.390015,10.77,315,0.03,0.023
2016-08-18,574.559998,10.71,316,0.03,0.023
2016-08-19,582.609985,11.28,317,0.03,0.024
2016-08-20,580.659973,11.14,318,0.03,0.023
2016-08-21,587.469971,11.07,319,0.03,0.023
2016-08-22,583.559998,11.01,320,0.03,0.023
2016-08-23,579.659973,11.01,321,0.03,0.023
2016-08-24,577.960022,11.35,322,0.03,0.024
2016-08-25,579.369995,11.26,323,0.03,0.024
2016-08-26,570.349976,11.19,324,0.03,0.024
2016-08-27,574.97998,10.99,325,0.03,0.023
2016-08-28,574.22998,10.95,326,0.03,0.023
2016-08-29,577.320007,11.21,327,0.03,0.024
2016-08-30,573.880005,11.55,328,0.03,0.024
2016-08-31,571.98999,12.21,329,0.03,0.026
2016-09-01,575.289978,12.08,330,0.03,0.025
2016-09-02,598.840027,11.85,331,0.04,0.025
2016-09-03,609.549988,11.71,332,0.04,0.025
2016-09-04,605.76001,11.75,333,0.04,0.025
2016-09-05,610.440002,11.7,334,0.04,0.025
2016-09-06,613.210022,11.59,335,0.04,0.024
2016-09-07,625.570007,11.39,336,0.04,0.024
2016-09-08,623.159973,11.72,337,0.04,0.025
2016-09-09,624.52002,12.05,338,0.04,0.025
2016-09-10,605.609985,11.64,339,0.04,0.024
2016-09-11,607.97998,11.89,340,0.04,0.025
2016-09-12,608.609985,11.92,341,0.04,0.025
2016-09-13,609.539978,11.97,342,0.04,0.025
2016-09-14,608.109985,11.96,343,0.04,0.025
2016-09-15,607.780029,12.61,344,0.04,0.027
2016-09-16,607.080017,12.83,345,0.04,0.027
2016-09-17,610.700012,12.39,346,0.04,0.026
2016-09-18,609.849976,12.93,347,0.04,0.027
2016-09-19,609.23999,14.72,348,0.04,0.031
2016-09-20,597.159973,13.72,349,0.04,0.029
2016-09-21,595.630005,13.11,350,0.04,0.028
2016-09-22,602.919983,13.36,351,0.04,0.028
2016-09-23,602.590027,12.91,352,0.04,0.027
2016-09-24,601.48999,13.05,353,0.04,0.027
2016-09-25,606.539978,12.89,354,0.04,0.027
2016-09-26,605.469971,13.09,355,0.04,0.028
2016-09-27,604.669983,13.3,356,0.04,0.028
2016-09-28,604.700012,13.17,357,0.04,0.028
2016-09-29,608.140015,13.24,358,0.04,0.028
2016-09-30,613.409973,13.21,359,0.04,0.028
2016-10-01,610.690002,13.23,360,0.04,0.028
2016-10-02,611.599976,13.45,361,0.04,0.028
2016-10-03,608.960022,13.32,362,0.04,0.028
2016-10-04,611.820007,13.09,363,0.04,0.028
2016-10-05,610.969971,12.87,364,0.04,0.027
2016-10-06,616.030029,12.68,365,0.04,0.027
2016-10-07,617.650024,12.24,366,0.04,0.026
2016-10-08,615.77002,12.06,367,0.04,0.025
2016-10-09,617.289978,11.74,368,0.04,0.025
2016-10-10,640.450012,11.75,369,0.04,0.025
2016-10-11,635.98999,11.77,370,0.04,0.025
2016-10-12,635.599976,12.02,371,0.04,0.025
2016-10-13,637.919983,11.9,372,0.04,0.025
2016-10-14,637.030029,11.96,373,0.04,0.025
2016-10-15,640.119995,11.93,374,0.04,0.025
2016-10-16,637.369995,11.98,375,0.04,0.025
2016-10-17,635.340027,12.5,376,0.04,0.026
2016-10-18,629.059998,11.98,377,0.04,0.025
2016-10-19,628.340027,12.05,378,0.04,0.025
2016-10-20,630.450012,12.07,379,0.04,0.025
2016-10-21,655.47998,12.06,380,0.04,0.025
2016-10-22,653.030029,11.95,381,0.04,0.025
2016-10-23,650.48999,11.93,382,0.04,0.025
2016-10-24,651,11.38,383,0.04,0.024
2016-10-25,674.669983,11.5,384,0.04,0.024
2016-10-26,682.299988,11.43,385,0.04,0.024
2016-10-27,686.23999,11.08,386,0.04,0.023
2016-10-28,714.950012,10.39,387,0.04,0.022
2016-10-29,697.27002,11.22,388,0.04,0.024
2016-10-31,698.669983,10.91,389,0.04,0.023
2016-11-01,726.76001,10.75,390,0.04,0.023
2016-11-02,733.51001,10.82,391,0.04,0.023
2016-11-03,684.869995,10.86,392,0.04,0.023
2016-11-04,702.080017,11.13,393,0.04,0.023
2016-11-05,702.109985,11.11,394,0.04,0.023
2016-11-06,709.909973,10.97,395,0.04,0.023
2016-11-07,705.400024,10.9,396,0.04,0.023
2016-11-08,710.900024,10.86,397,0.04,0.023
2016-11-09,721.419983,10.64,398,0.04,0.022
2016-11-10,714.570007,10.52,399,0.04,0.022
2016-11-11,714.969971,10.29,400,0.04,0.022
2016-11-12,704.27002,9.96,401,0.04,0.021
2016-11-13,701.969971,10.13,402,0.04,0.021
2016-11-14,704.559998,10,403,0.04,0.021
2016-11-15,711.099976,10.22,404,0.04,0.022
2016-11-16,740.280029,10.01,405,0.04,0.021
2016-11-17,737.530029,9.95,406,0.04,0.021
2016-11-18,746.960022,9.53,407,0.04,0.020
2016-11-19,747.890015,9.7,408,0.04,0.020
2016-11-20,728.51001,9.57,409,0.04,0.020
2016-11-21,736.190002,9.56,410,0.04,0.020
2016-11-22,749.340027,9.84,411,0.04,0.021
2016-11-23,741.070007,9.78,412,0.04,0.021
2016-11-24,735.309998,9.22,413,0.04,0.019
2016-11-25,740.390015,9.39,414,0.04,0.020
2016-11-26,734.140015,9.34,415,0.04,0.020
2016-11-27,729.419983,8.91,416,0.04,0.019
2016-11-28,733.299988,8.66,417,0.04,0.018
2016-11-29,732.559998,8.18,418,0.04,0.017
2016-11-30,742.48999,8.59,419,0.04,0.018
2016-12-01,752.630005,8.44,420,0.04,0.018
2016-12-02,770.940002,7.65,421,0.05,0.016
2016-12-03,764.23999,7.9,422,0.05,0.017
2016-12-04,766.390015,7.54,423,0.05,0.016
2016-12-05,754.340027,6.69,424,0.04,0.014
2016-12-06,758.210022,7.61,425,0.04,0.016
2016-12-07,765.559998,8.35,426,0.05,0.018
2016-12-08,768.48999,8.3,427,0.05,0.017
2016-12-09,770.47998,8.52,428,0.05,0.018
2016-12-10,774,8.09,429,0.05,0.017
2016-12-11,767.909973,8.2,430,0.05,0.017
2016-12-12,778.469971,8.45,431,0.05,0.018
2016-12-13,778.73999,8.4,432,0.05,0.018
2016-12-14,776.5,8.23,433,0.05,0.017
2016-12-15,775.210022,7.76,434,0.05,0.016
2016-12-16,782.049988,7.85,435,0.05,0.017
2016-12-17,787.169983,7.66,436,0.05,0.016
2016-12-18,789.01001,7.89,437,0.05,0.017
2016-12-19,789.789978,7.61,438,0.05,0.016
2016-12-20,799.099976,7.59,439,0.05,0.016
2016-12-21,829.210022,7.87,440,0.05,0.017
2016-12-22,860.150024,7.64,441,0.05,0.016
2016-12-23,917.169983,7.16,442,0.05,0.015
2016-12-24,891.070007,7.23,443,0.05,0.015
2016-12-25,891.070007,7.19,444,0.05,0.015
2016-12-26,898.380005,7.21,445,0.05,0.015
2016-12-27,925.780029,7.15,446,0.05,0.015
2016-12-28,972.169983,7.57,447,0.06,0.016
2016-12-29,971.080017,8.21,448,0.06,0.017
2016-12-30,959.039978,8.16,449,0.06,0.017
2016-12-31,963.380005,8.05,450,0.06,0.017
2017-01-01,995.440002,8.14,451,0.06,0.017
2017-01-02,1017.049988,8.33,452,0.06,0.018
2017-01-03,1033.300049,9.59,453,0.06,0.020
2017-01-04,1135.410034,10.88,454,0.07,0.023
2017-01-05,989.349976,10.2,455,0.06,0.021
2017-01-06,886.159973,10.07,456,0.05,0.021
2017-01-07,888.869995,9.78,457,0.05,0.021
2017-01-08,900.859985,10.27,458,0.05,0.022
2017-01-09,899.780029,10.2,459,0.05,0.021
2017-01-10,904.369995,10.55,460,0.05,0.022
2017-01-11,785.429993,9.83,461,0.05,0.021
2017-01-12,810.109985,9.81,462,0.05,0.021
2017-01-13,824.830017,9.78,463,0.05,0.021
2017-01-14,819.630005,9.78,464,0.05,0.021
2017-01-15,821.169983,9.88,465,0.05,0.021
2017-01-16,827.340027,9.59,466,0.05,0.020
2017-02-15,1008.190002,12.97,467,0.06,0.027
2017-02-16,1031.930054,12.95,468,0.06,0.027
2017-02-17,1049.410034,12.72,469,0.06,0.027
2017-02-18,1052.280029,12.83,470,0.06,0.027
2017-02-19,1048.890015,12.82,471,0.06,0.027
2017-02-20,1077.560059,12.52,472,0.06,0.026
2017-02-21,1119.030029,12.77,473,0.07,0.027
2017-02-22,1120.459961,12.69,474,0.07,0.027
2017-02-23,1171.910034,13.13,475,0.07,0.028
2017-02-24,1176.48999,13.11,476,0.07,0.028
2017-02-25,1149.050049,13.57,477,0.07,0.029
2017-02-26,1171.579956,14.59,478,0.07,0.031
2017-02-27,1188.829956,15.55,479,0.07,0.033
2017-02-28,1189.27002,16.07,480,0.07,0.034
2017-03-01,1222.660034,17.549999,481,0.07,0.037
2017-03-02,1255.469971,19.08,482,0.07,0.040
2017-03-03,1283.300049,19.48,483,0.08,0.041
2017-03-04,1264.319946,18.610001,484,0.08,0.039
2017-03-05,1271.219971,19.219999,485,0.08,0.040
2017-03-06,1277.01001,19.75,486,0.08,0.042
2017-03-07,1232.689941,18.91,487,0.07,0.040
2017-03-08,1146.969971,16.540001,488,0.07,0.035
2017-03-09,1191.329956,17.709999,489,0.07,0.037
2017-03-10,1112.390015,19.129999,490,0.07,0.040
2017-03-11,1179.219971,21.450001,491,0.07,0.045
2017-03-12,1225.109985,23.309999,492,0.07,0.049
2017-03-13,1238.189941,28.450001,493,0.07,0.060
2017-03-14,1243.140015,28.58,494,0.07,0.060
2017-03-15,1253.430054,35.18,495,0.07,0.074
2017-03-16,1172.880005,45.509998,496,0.07,0.096
2017-03-17,1071.709961,44.48,497,0.06,0.094
2017-03-18,971.380005,34,498,0.06,0.072
2017-03-19,1022.599976,43.119999,499,0.06,0.091
2017-03-20,1047.51001,42.509998,500,0.06,0.089
2017-03-21,1121.290039,42.669998,501,0.07,0.090
2017-03-22,1044.719971,41.650002,502,0.06,0.088
2017-03-23,1035.030029,43.200001,503,0.06,0.091
2017-03-24,939.700012,53.189999,504,0.06,0.112
2017-03-25,966.299988,50.619999,505,0.06,0.107
2017-03-26,969.440002,50.630001,506,0.06,0.107
2017-03-26,1045.140015,49.060001,507,0.06,0.103
2017-03-27,1044.420044,50.25,508,0.06,0.106
2017-03-28,1041.900024,53.07,509,0.06,0.112
2017-03-29,1037.910034,51.91,510,0.06,0.109
2017-03-30,1079.109985,49.91,511,0.06,0.105
2017-03-31,1086.119995,50.599998,512,0.06,0.106
2017-04-01,1097.400024,48.549999,513,0.07,0.102
2017-04-02,1147.560059,44.130001,514,0.07,0.093
2017-04-03,1141.77002,44.43,515,0.07,0.093
2017-04-04,1129.869995,44.900002,516,0.07,0.094
2017-04-05,1188.699951,43.23,517,0.07,0.091
2017-04-06,1190.48999,42.310001,518,0.07,0.089
2017-04-07,1180.780029,44.369999,519,0.07,0.093
2017-04-08,1204.339966,43.720001,520,0.07,0.092
2017-04-09,1206.709961,43.740002,521,0.07,0.092
2017-04-10,1220.73999,43.740002,522,0.07,0.092
2017-04-11,1212.530029,46.380001,523,0.07,0.098
2017-04-12,1176.199951,49.970001,524,0.07,0.105
2017-04-13,1177.329956,47.32,525,0.07,0.100
2017-04-14,1176.98999,48.889999,526,0.07,0.103
2017-04-15,1176.800049,48.220001,527,0.07,0.101
2017-04-16,1194.01001,47.939999,528,0.07,0.101
2017-04-17,1206.089966,49.880001,529,0.07,0.105
2017-04-18,1215.199951,47.880001,530,0.07,0.101
2017-04-19,1238.089966,49.360001,531,0.07,0.104
2017-04-20,1249.640015,48.27,532,0.07,0.102
2017-04-21,1240.890015,48.41,533,0.07,0.102
2017-04-22,1249.140015,48.75,534,0.07,0.103
2017-04-23,1248.180054,49.939999,535,0.07,0.105
2017-04-24,1264.310059,50.09,536,0.08,0.105
2017-04-25,1286.630005,53.279999,537,0.08,0.112
2017-04-26,1332.910034,63.139999,538,0.08,0.133
2017-04-27,1329.619995,72.419998,539,0.08,0.152
2017-04-28,1336.280029,69.830002,540,0.08,0.147
2017-04-29,1351.910034,79.830002,541,0.08,0.168
2017-04-30,1415.810059,77.529999,542,0.08,0.163
2017-05-01,1445.930054,77.25,543,0.09,0.163
2017-05-02,1485.550049,80.370003,544,0.09,0.169
2017-05-03,1516.76001,94.550003,545,0.09,0.199
2017-05-04,1507.77002,90.790001,546,0.09,0.191
2017-05-05,1545.290039,94.82,547,0.09,0.200
2017-05-06,1554.449951,90.459999,548,0.09,0.190
2017-05-07,1664.469971,88.389999,549,0.10,0.186
2017-05-08,1697.5,86.269997,550,0.10,0.182
2017-05-09,1752.310059,87.830002,551,0.10,0.185
2017-05-10,1819.290039,88.199997,552,0.11,0.186
2017-05-11,1686.390015,85.150002,553,0.10,0.179
2017-05-12,1763.73999,87.959999,554,0.10,0.185
2017-05-13,1772.550049,88.720001,555,0.11,0.187
2017-05-14,1708.920044,90.32,556,0.10,0.190
2017-05-15,1729.339966,87.800003,557,0.10,0.185
2017-05-16,1801.300049,86.980003,558,0.11,0.183
2017-05-17,1880.98999,95.879997,559,0.11,0.202
2017-05-18,1962,124.379997,560,0.12,0.262
2017-05-19,2040.180054,123.059998,561,0.12,0.259
2017-05-20,2044.189941,148,562,0.12,0.311
2017-05-21,2124.409912,160.389999,563,0.13,0.337
2017-05-22,2272.580078,169.5,564,0.13,0.357
2017-05-23,2445.280029,193.029999,565,0.15,0.406
2017-05-24,2307.219971,177.330002,566,0.14,0.373
2017-05-25,2244.889893,162.830002,567,0.13,0.343
2017-05-26,2052.429932,156.630005,568,0.12,0.330
2017-05-27,2189.02002,172.860001,569,0.13,0.364
2017-05-28,2278.209961,194.169998,570,0.14,0.409
2017-05-29,2192.550049,228.580002,571,0.13,0.481
2017-05-30,2303.340088,228.639999,572,0.14,0.481
2017-05-31,2412.649902,220.699997,573,0.14,0.464
2017-06-01,2492.600098,222.039993,574,0.15,0.467
2017-06-02,2545.429932,224.300003,575,0.15,0.472
2017-06-03,2524.060059,244.960007,576,0.15,0.515
2017-06-04,2704.959961,247.75,577,0.16,0.521
2017-06-05,2870.5,264.26001,578,0.17,0.556
2017-06-06,2691.51001,255.770004,579,0.16,0.538
2017-06-07,2798.780029,259.410004,580,0.17,0.546
2017-06-08,2811.429932,279.109985,581,0.17,0.587
2017-06-09,2900.25,335.950012,582,0.17,0.707
2017-06-10,2973.449951,339.679993,583,0.18,0.715
2017-06-11,2656.77002,394.660004,584,0.16,0.830
2017-06-12,2712.98999,388.089996,585,0.16,0.817
2017-06-13,2467.27002,343.839996,586,0.15,0.724
2017-06-14,2442.459961,344.679993,587,0.14,0.725
2017-06-15,2508.580078,353.609985,588,0.15,0.744
2017-06-16,2655.100098,368.100006,589,0.16,0.775
2017-06-17,2539.560059,351.529999,590,0.15,0.740
2017-06-18,2616.820068,358.200012,591,0.16,0.754
2017-06-19,2754.379883,350.529999,592,0.16,0.738
2017-06-20,2677.620117,325.299988,593,0.16,0.684
2017-06-21,2722.840088,320.970001,594,0.16,0.675
2017-06-22,2710.370117,326.850006,595,0.16,0.688
2017-06-23,2590.050049,304.540009,596,0.15,0.641
2017-06-24,2541.620117,279.359985,597,0.15,0.588
2017-06-25,2446.050049,253.679993,598,0.15,0.534
2017-06-26,2583.75,286.140015,599,0.15,0.602
2017-06-27,2577.73999,315.859985,600,0.15,0.665
2017-06-28,2558.370117,292.899994,601,0.15,0.616
2017-06-29,2480.610107,280.679993,602,0.15,0.591
2017-06-30,2424.610107,261,603,0.14,0.549
2017-07-01,2536.459961,283.98999,604,0.15,0.598
2017-07-02,2572.469971,276.410004,605,0.15,0.582
2017-07-03,2617.320068,269.049988,606,0.16,0.566
2017-07-04,2627.860107,266,607,0.16,0.560
2017-07-05,2614.23999,265.880005,608,0.16,0.559
2017-07-06,2513.879883,240.940002,609,0.15,0.507
2017-07-07,2564.860107,245.669998,610,0.15,0.517
2017-07-08,2511.429932,237.720001,611,0.15,0.500
2017-07-09,2344.02002,205.759995,612,0.14,0.433
2017-07-10,2324.290039,190.550003,613,0.14,0.401
2017-07-11,2403.090088,224.149994,614,0.14,0.472
2017-07-12,2362.439941,205.410004,615,0.14,0.432
2017-07-13,2234.169922,197.139999,616,0.13,0.415
2017-07-14,1975.079956,169.100006,617,0.12,0.356
2017-07-15,1914.089966,155.419998,618,0.11,0.327
2017-07-16,2233.389893,189.970001,619,0.13,0.400
2017-07-17,2320.22998,227.089996,620,0.14,0.478
2017-07-18,2282.580078,194.410004,621,0.14,0.409
2017-07-19,2866.02002,226.330002,622,0.17,0.476
2017-07-20,2675.080078,216.330002,623,0.16,0.455
2017-07-21,2836.530029,230.470001,624,0.17,0.485
2017-07-22,2756.610107,228.320007,625,0.16,0.480
2017-07-23,2763.419922,225.479996,626,0.16,0.474
2017-07-24,2582.580078,203.589996,627,0.15,0.428
2017-07-25,2559.209961,202.880005,628,0.15,0.427
2017-07-26,2691.879883,202.929993,629,0.16,0.427
2017-07-27,2806.75,191.210007,630,0.17,0.402
2017-07-28,2733.5,206.139999,631,0.16,0.434
2017-07-29,2766.48999,196.779999,632,0.16,0.414
2017-07-30,2883.27002,201.330002,633,0.17,0.424
2017-07-31,2746.98999,225.899994,634,0.16,0.475
2017-08-01,2720.530029,218.119995,635,0.16,0.459
2017-08-02,2809.98999,224.389999,636,0.17,0.472
2017-08-03,2878.48999,220.600006,637,0.17,0.464
2017-08-04,3262.800049,253.089996,638,0.19,0.533
2017-08-05,3232.030029,264.559998,639,0.19,0.557
2017-08-06,3401.909912,269.940002,640,0.20,0.568
2017-08-07,3429.379883,296.51001,641,0.20,0.624
2017-08-08,3348.790039,295.279999,642,0.20,0.621
2017-08-09,3425.669922,298.279999,643,0.20,0.628
2017-08-10,3654.370117,309.320007,644,0.22,0.651
2017-08-11,3871.620117,308.019989,645,0.23,0.648
2017-08-12,4062.600098,296.619995,646,0.24,0.624
2017-08-13,4327.939941,299.160004,647,0.26,0.629
2017-08-14,4161.660156,286.519989,648,0.25,0.603
2017-08-15,4387.399902,301.380005,649,0.26,0.634
2017-08-16,4278.919922,300.299988,650,0.25,0.632
2017-08-17,4105.370117,292.619995,651,0.24,0.616
2017-08-18,4150.450195,293.019989,652,0.25,0.617
2017-08-19,4066.600098,298.200012,653,0.24,0.627
2017-08-20,4005.100098,321.850006,654,0.24,0.677
2017-08-21,4089.699951,313.369995,655,0.24,0.659
2017-08-22,4141.089844,317.399994,656,0.25,0.668
2017-08-23,4318.350098,325.279999,657,0.26,0.684
2017-08-24,4364.410156,330.059998,658,0.26,0.695
2017-08-25,4352.299805,332.859985,659,0.26,0.700
2017-08-26,4345.75,347.880005,660,0.26,0.732
2017-08-27,4390.310059,347.660004,661,0.26,0.732
2017-08-28,4597.310059,372.350006,662,0.27,0.783
2017-08-29,4583.02002,383.859985,663,0.27,0.808
2017-08-30,4735.109863,388.329987,664,0.28,0.817
2017-08-31,4921.850098,391.420013,665,0.29,0.824
2017-09-01,4573.799805,351.029999,666,0.27,0.739
2017-09-02,4612.919922,352.450012,667,0.27,0.742
2017-09-03,4267.450195,303.700012,668,0.25,0.639
2017-09-04,4409.080078,317.940002,669,0.26,0.669
2017-09-05,4618.709961,338.920013,670,0.27,0.713
2017-09-06,4635.600098,335.369995,671,0.28,0.706
2017-09-07,4326.450195,306.720001,672,0.26,0.645
2017-09-08,4335.129883,303.790009,673,0.26,0.639
2017-09-09,4245.890137,299.209991,674,0.25,0.630
2017-09-10,4217.899902,297.950012,675,0.25,0.627
2017-09-11,4158.919922,294.100006,676,0.25,0.619
2017-09-12,3870.290039,275.839996,677,0.23,0.580
2017-09-13,3243.080078,223.139999,678,0.19,0.470
2017-09-14,3713.76001,259.570007,679,0.22,0.546
2017-09-15,3698.919922,254.490005,680,0.22,0.535
2017-09-16,3689.610107,258.399994,681,0.22,0.544
2017-09-17,4100.279785,297.529999,682,0.24,0.626
2017-09-18,3907.959961,283,683,0.23,0.595
2017-09-19,3882.159912,283.559998,684,0.23,0.597
2017-09-20,3617.27002,257.769989,685,0.21,0.542
2017-09-21,3600.830078,262.940002,686,0.21,0.553
2017-09-22,3788.02002,286.140015,687,0.22,0.602
2017-09-23,3667.52002,282.600006,688,0.22,0.595
2017-09-24,3932.830078,294.890015,689,0.23,0.621
2017-09-25,3892.699951,288.640015,690,0.23,0.607
2017-09-26,4212.200195,309.970001,691,0.25,0.652
2017-09-27,4195.649902,302.769989,692,0.25,0.637
2017-09-28,4172.790039,292.579987,693,0.25,0.616
2017-09-29,4360.620117,302.769989,694,0.26,0.637
2017-09-30,4403.089844,303.950012,695,0.26,0.640
2017-10-01,4401.319824,296.809998,696,0.26,0.625
2017-10-02,4314.180176,291.809998,697,0.26,0.614
2017-10-03,4218.660156,291.679993,698,0.25,0.614
2017-10-04,4321.439941,294.98999,699,0.26,0.621
2017-10-05,4371.939941,308.329987,700,0.26,0.649
2017-10-06,4435.810059,311.26001,701,0.26,0.655
2017-10-07,4611.700195,309.48999,702,0.27,0.651
2017-10-08,4777.490234,296.950012,703,0.28,0.625
2017-10-09,4763.359863,298.459991,704,0.28,0.628
2017-10-10,4824.200195,302.859985,705,0.29,0.637
2017-10-11,5432.620117,302.890015,706,0.32,0.637
2017-10-12,5637.259766,336.829987,707,0.33,0.709
2017-10-13,5824.709961,338.809998,708,0.35,0.713
2017-10-14,5688.140137,336.579987,709,0.34,0.708
2017-10-15,5759.330078,334.230011,710,0.34,0.703
2017-10-16,5598.580078,316.140015,711,0.33,0.665
2017-10-17,5575.830078,313.540009,712,0.33,0.660
2017-10-18,5698.649902,307.410004,713,0.34,0.647
2017-10-19,5993.109863,303.079987,714,0.36,0.638
2017-10-20,6006.649902,299.549988,715,0.36,0.630
2017-10-21,5982.859863,294.029999,716,0.36,0.619
2017-10-22,5903.609863,285.269989,717,0.35,0.600
2017-10-23,5513.080078,296.5,718,0.33,0.624
2017-10-24,5734,296.350006,719,0.34,0.624
2017-10-25,5887.609863,295.540009,720,0.35,0.622
2017-10-26,5764.560059,296.359985,721,0.34,0.624
2017-10-27,5726.609863,293.350006,722,0.34,0.617
2017-10-28,6147.52002,304.040009,723,0.36,0.640
2017-10-30,6124.279785,306.799988,724,0.36,0.646
2017-10-31,6451.240234,303.640015,725,0.38,0.639
2017-11-01,6737.779785,289.420013,726,0.40,0.609
2017-11-02,7024.810059,284.920013,727,0.42,0.600
2017-11-03,7152.120117,304.51001,728,0.42,0.641
2017-11-04,7363.799805,300.040009,729,0.44,0.631
2017-11-05,7389.549805,296.230011,730,0.44,0.623
2017-11-06,6959.22998,296.820007,731,0.41,0.625
2017-11-07,7102.75,291.839996,732,0.42,0.614
2017-11-08,7444.359863,307.350006,733,0.44,0.647
2017-11-09,7129.589844,319.660004,734,0.42,0.673
2017-11-10,6565.799805,296.859985,735,0.39,0.625
2017-11-11,6339.859863,314.230011,736,0.38,0.661
2017-11-12,5878.129883,306.019989,737,0.35,0.644
2017-11-13,6522.450195,314.600006,738,0.39,0.662
2017-11-14,6597.060059,334.720001,739,0.39,0.704
2017-11-15,7283.220215,331.200012,740,0.43,0.697
2017-11-16,7853.680176,330.320007,741,0.47,0.695
2017-11-17,7699.950195,331.720001,742,0.46,0.698
2017-11-18,7780.910156,346.649994,743,0.46,0.729
2017-11-19,8042.640137,354.600006,744,0.48,0.746
2017-11-20,8244.69043,367.709991,745,0.49,0.774
2017-11-21,8099.970215,360.519989,746,0.48,0.759
2017-11-22,8234.549805,380.839996,747,0.49,0.801
2017-11-23,8013.410156,406.570007,748,0.48,0.856
2017-11-24,8200.799805,470.429993,749,0.49,0.990
2017-11-25,8754.69043,464.609985,750,0.52,0.978
2017-11-26,9318.419922,470.540009,751,0.55,0.990
2017-11-27,9733.200195,475.23999,752,0.58,1.000
2017-11-28,9906.040039,466.269989,753,0.59,0.986
2017-11-29,9837.860352,427.420013,754,0.58,0.904
2017-11-30,9946.759766,434.850006,755,0.59,0.920
2017-12-01,10861.469727,461.579987,756,0.64,0.976
2017-12-02,10912.730469,457.959991,757,0.65,0.968
2017-12-03,11246.209961,462.809998,758,0.67,0.979
2017-12-04,11623.910156,466.929993,759,0.69,0.987
2017-12-05,11667.129883,453.959991,760,0.69,0.960
2017-12-06,13749.570313,422.480011,761,0.82,0.893
2017-12-07,16850.310547,421.149994,762,1.00,0.891
2017-12-08,16047.610352,451.73999,763,1.00,0.955
2017-12-09,14843.419922,472.859985,764,0.99,1.000
2017-12-10,15059.599609,436.48999,765,1.00,1.000
