a,b,c,d
-1,-1,-0.2,-0.7
-0.997997997997998,-0.997997997997998,-0.1995995995996,-0.698598598598599
-0.995995995995996,-0.995995995995996,-0.199199199199199,-0.697197197197197
-0.993993993993994,-0.993993993993994,-0.198798798798799,-0.695795795795796
-0.991991991991992,-0.991991991991992,-0.198398398398398,-0.694394394394394
-0.98998998998999,-0.98998998998999,-0.197997997997998,-0.692992992992993
-0.987987987987988,-0.987987987987988,-0.197597597597598,-0.691591591591592
-0.985985985985986,-0.985985985985986,-0.197197197197197,-0.69019019019019
-0.983983983983984,-0.983983983983984,-0.196796796796797,-0.688788788788789
-0.981981981981982,-0.981981981981982,-0.196396396396396,-0.687387387387387
-0.97997997997998,-0.97997997997998,-0.195995995995996,-0.685985985985986
-0.977977977977978,-0.977977977977978,-0.195595595595596,-0.684584584584585
-0.975975975975976,-0.975975975975976,-0.195195195195195,-0.683183183183183
-0.973973973973974,-0.973973973973974,-0.194794794794795,-0.681781781781782
-0.971971971971972,-0.971971971971972,-0.194394394394394,-0.68038038038038
-0.96996996996997,-0.96996996996997,-0.193993993993994,-0.678978978978979
-0.967967967967968,-0.967967967967968,-0.193593593593594,-0.677577577577578
-0.965965965965966,-0.965965965965966,-0.193193193193193,-0.676176176176176
-0.963963963963964,-0.963963963963964,-0.192792792792793,-0.674774774774775
-0.961961961961962,-0.961961961961962,-0.192392392392392,-0.673373373373373
-0.95995995995996,-0.95995995995996,-0.191991991991992,-0.671971971971972
-0.957957957957958,-0.957957957957958,-0.191591591591592,-0.67057057057057
-0.955955955955956,-0.955955955955956,-0.191191191191191,-0.669169169169169
-0.953953953953954,-0.953953953953954,-0.190790790790791,-0.667767767767768
-0.951951951951952,-0.951951951951952,-0.19039039039039,-0.666366366366366
-0.94994994994995,-0.94994994994995,-0.18998998998999,-0.664964964964965
-0.947947947947948,-0.947947947947948,-0.18958958958959,-0.663563563563563
-0.945945945945946,-0.945945945945946,-0.189189189189189,-0.662162162162162
-0.943943943943944,-0.943943943943944,-0.188788788788789,-0.660760760760761
-0.941941941941942,-0.941941941941942,-0.188388388388388,-0.659359359359359
-0.93993993993994,-0.93993993993994,-0.187987987987988,-0.657957957957958
-0.937937937937938,-0.937937937937938,-0.187587587587588,-0.656556556556557
-0.935935935935936,-0.935935935935936,-0.187187187187187,-0.655155155155155
-0.933933933933934,-0.933933933933934,-0.186786786786787,-0.653753753753754
-0.931931931931932,-0.931931931931932,-0.186386386386386,-0.652352352352352
-0.92992992992993,-0.92992992992993,-0.185985985985986,-0.650950950950951
-0.927927927927928,-0.927927927927928,-0.185585585585586,-0.649549549549549
-0.925925925925926,-0.925925925925926,-0.185185185185185,-0.648148148148148
-0.923923923923924,-0.923923923923924,-0.184784784784785,-0.646746746746747
-0.921921921921922,-0.921921921921922,-0.184384384384384,-0.645345345345345
-0.91991991991992,-0.91991991991992,-0.183983983983984,-0.643943943943944
-0.917917917917918,-0.917917917917918,-0.183583583583584,-0.642542542542543
-0.915915915915916,-0.915915915915916,-0.183183183183183,-0.641141141141141
-0.913913913913914,-0.913913913913914,-0.182782782782783,-0.63973973973974
-0.911911911911912,-0.911911911911912,-0.182382382382382,-0.638338338338338
-0.90990990990991,-0.90990990990991,-0.181981981981982,-0.636936936936937
-0.907907907907908,-0.907907907907908,-0.181581581581582,-0.635535535535535
-0.905905905905906,-0.905905905905906,-0.181181181181181,-0.634134134134134
-0.903903903903904,-0.903903903903904,-0.180780780780781,-0.632732732732733
-0.901901901901902,-0.901901901901902,-0.18038038038038,-0.631331331331331
-0.8998998998999,-0.8998998998999,-0.17997997997998,-0.62992992992993
-0.897897897897898,-0.897897897897898,-0.17957957957958,-0.628528528528528
-0.895895895895896,-0.895895895895896,-0.179179179179179,-0.627127127127127
-0.893893893893894,-0.893893893893894,-0.178778778778779,-0.625725725725726
-0.891891891891892,-0.891891891891892,-0.178378378378378,-0.624324324324324
-0.88988988988989,-0.88988988988989,-0.177977977977978,-0.622922922922923
-0.887887887887888,-0.887887887887888,-0.177577577577578,-0.621521521521522
-0.885885885885886,-0.885885885885886,-0.177177177177177,-0.62012012012012
-0.883883883883884,-0.883883883883884,-0.176776776776777,-0.618718718718719
-0.881881881881882,-0.881881881881882,-0.176376376376376,-0.617317317317317
-0.87987987987988,-0.87987987987988,-0.175975975975976,-0.615915915915916
-0.877877877877878,-0.877877877877878,-0.175575575575576,-0.614514514514514
-0.875875875875876,-0.875875875875876,-0.175175175175175,-0.613113113113113
-0.873873873873874,-0.873873873873874,-0.174774774774775,-0.611711711711712
-0.871871871871872,-0.871871871871872,-0.174374374374374,-0.61031031031031
-0.86986986986987,-0.86986986986987,-0.173973973973974,-0.608908908908909
-0.867867867867868,-0.867867867867868,-0.173573573573574,-0.607507507507507
-0.865865865865866,-0.865865865865866,-0.173173173173173,-0.606106106106106
-0.863863863863864,-0.863863863863864,-0.172772772772773,-0.604704704704705
-0.861861861861862,-0.861861861861862,-0.172372372372372,-0.603303303303303
-0.85985985985986,-0.85985985985986,-0.171971971971972,-0.601901901901902
-0.857857857857858,-0.857857857857858,-0.171571571571572,-0.6005005005005
-0.855855855855856,-0.855855855855856,-0.171171171171171,-0.599099099099099
-0.853853853853854,-0.853853853853854,-0.170770770770771,-0.597697697697698
-0.851851851851852,-0.851851851851852,-0.17037037037037,-0.596296296296296
-0.84984984984985,-0.84984984984985,-0.16996996996997,-0.594894894894895
-0.847847847847848,-0.847847847847848,-0.16956956956957,-0.593493493493493
-0.845845845845846,-0.845845845845846,-0.169169169169169,-0.592092092092092
-0.843843843843844,-0.843843843843844,-0.168768768768769,-0.590690690690691
-0.841841841841842,-0.841841841841842,-0.168368368368368,-0.589289289289289
-0.83983983983984,-0.83983983983984,-0.167967967967968,-0.587887887887888
-0.837837837837838,-0.837837837837838,-0.167567567567568,-0.586486486486486
-0.835835835835836,-0.835835835835836,-0.167167167167167,-0.585085085085085
-0.833833833833834,-0.833833833833834,-0.166766766766767,-0.583683683683684
-0.831831831831832,-0.831831831831832,-0.166366366366366,-0.582282282282282
-0.82982982982983,-0.82982982982983,-0.165965965965966,-0.580880880880881
-0.827827827827828,-0.827827827827828,-0.165565565565566,-0.579479479479479
-0.825825825825826,-0.825825825825826,-0.165165165165165,-0.578078078078078
-0.823823823823824,-0.823823823823824,-0.164764764764765,-0.576676676676677
-0.821821821821822,-0.821821821821822,-0.164364364364364,-0.575275275275275
-0.81981981981982,-0.81981981981982,-0.163963963963964,-0.573873873873874
-0.817817817817818,-0.817817817817818,-0.163563563563564,-0.572472472472472
-0.815815815815816,-0.815815815815816,-0.163163163163163,-0.571071071071071
-0.813813813813814,-0.813813813813814,-0.162762762762763,-0.56966966966967
-0.811811811811812,-0.811811811811812,-0.162362362362362,-0.568268268268268
-0.80980980980981,-0.80980980980981,-0.161961961961962,-0.566866866866867
-0.807807807807808,-0.807807807807808,-0.161561561561562,-0.565465465465465
-0.805805805805806,-0.805805805805806,-0.161161161161161,-0.564064064064064
-0.803803803803804,-0.803803803803804,-0.160760760760761,-0.562662662662663
-0.801801801801802,-0.801801801801802,-0.16036036036036,-0.561261261261261
-0.7997997997998,-0.7997997997998,-0.15995995995996,-0.55985985985986
-0.797797797797798,-0.797797797797798,-0.15955955955956,-0.558458458458458
-0.795795795795796,-0.795795795795796,-0.159159159159159,-0.557057057057057
-0.793793793793794,-0.793793793793794,-0.158758758758759,-0.555655655655656
-0.791791791791792,-0.791791791791792,-0.158358358358358,-0.554254254254254
-0.78978978978979,-0.78978978978979,-0.157957957957958,-0.552852852852853
-0.787787787787788,-0.787787787787788,-0.157557557557558,-0.551451451451451
-0.785785785785786,-0.785785785785786,-0.157157157157157,-0.55005005005005
-0.783783783783784,-0.783783783783784,-0.156756756756757,-0.548648648648649
-0.781781781781782,-0.781781781781782,-0.156356356356356,-0.547247247247247
-0.77977977977978,-0.77977977977978,-0.155955955955956,-0.545845845845846
-0.777777777777778,-0.777777777777778,-0.155555555555556,-0.544444444444444
-0.775775775775776,-0.775775775775776,-0.155155155155155,-0.543043043043043
-0.773773773773774,-0.773773773773774,-0.154754754754755,-0.541641641641642
-0.771771771771772,-0.771771771771772,-0.154354354354354,-0.54024024024024
-0.76976976976977,-0.76976976976977,-0.153953953953954,-0.538838838838839
-0.767767767767768,-0.767767767767768,-0.153553553553554,-0.537437437437437
-0.765765765765766,-0.765765765765766,-0.153153153153153,-0.536036036036036
-0.763763763763764,-0.763763763763764,-0.152752752752753,-0.534634634634635
-0.761761761761762,-0.761761761761762,-0.152352352352352,-0.533233233233233
-0.75975975975976,-0.75975975975976,-0.151951951951952,-0.531831831831832
-0.757757757757758,-0.757757757757758,-0.151551551551552,-0.53043043043043
-0.755755755755756,-0.755755755755756,-0.151151151151151,-0.529029029029029
-0.753753753753754,-0.753753753753754,-0.150750750750751,-0.527627627627628
-0.751751751751752,-0.751751751751752,-0.15035035035035,-0.526226226226226
-0.74974974974975,-0.74974974974975,-0.14994994994995,-0.524824824824825
-0.747747747747748,-0.747747747747748,-0.14954954954955,-0.523423423423423
-0.745745745745746,-0.745745745745746,-0.149149149149149,-0.522022022022022
-0.743743743743744,-0.743743743743744,-0.148748748748749,-0.520620620620621
-0.741741741741742,-0.741741741741742,-0.148348348348348,-0.519219219219219
-0.73973973973974,-0.73973973973974,-0.147947947947948,-0.517817817817818
-0.737737737737738,-0.737737737737738,-0.147547547547548,-0.516416416416416
-0.735735735735736,-0.735735735735736,-0.147147147147147,-0.515015015015015
-0.733733733733734,-0.733733733733734,-0.146746746746747,-0.513613613613614
-0.731731731731732,-0.731731731731732,-0.146346346346346,-0.512212212212212
-0.72972972972973,-0.72972972972973,-0.145945945945946,-0.510810810810811
-0.727727727727728,-0.727727727727728,-0.145545545545546,-0.509409409409409
-0.725725725725726,-0.725725725725726,-0.145145145145145,-0.508008008008008
-0.723723723723724,-0.723723723723724,-0.144744744744745,-0.506606606606607
-0.721721721721722,-0.721721721721722,-0.144344344344344,-0.505205205205205
-0.71971971971972,-0.71971971971972,-0.143943943943944,-0.503803803803804
-0.717717717717718,-0.717717717717718,-0.143543543543544,-0.502402402402402
-0.715715715715716,-0.715715715715716,-0.143143143143143,-0.501001001001001
-0.713713713713714,-0.713713713713714,-0.142742742742743,-0.4995995995996
-0.711711711711712,-0.711711711711712,-0.142342342342342,-0.498198198198198
-0.70970970970971,-0.70970970970971,-0.141941941941942,-0.496796796796797
-0.707707707707708,-0.707707707707708,-0.141541541541542,-0.495395395395395
-0.705705705705706,-0.705705705705706,-0.141141141141141,-0.493993993993994
-0.703703703703704,-0.703703703703704,-0.140740740740741,-0.492592592592593
-0.701701701701702,-0.701701701701702,-0.14034034034034,-0.491191191191191
-0.6996996996997,-0.6996996996997,-0.13993993993994,-0.48978978978979
-0.697697697697698,-0.697697697697698,-0.13953953953954,-0.488388388388388
-0.695695695695696,-0.695695695695696,-0.139139139139139,-0.486986986986987
-0.693693693693694,-0.693693693693694,-0.138738738738739,-0.485585585585586
-0.691691691691692,-0.691691691691692,-0.138338338338338,-0.484184184184184
-0.68968968968969,-0.68968968968969,-0.137937937937938,-0.482782782782783
-0.687687687687688,-0.687687687687688,-0.137537537537538,-0.481381381381381
-0.685685685685686,-0.685685685685686,-0.137137137137137,-0.47997997997998
-0.683683683683684,-0.683683683683684,-0.136736736736737,-0.478578578578579
-0.681681681681682,-0.681681681681682,-0.136336336336336,-0.477177177177177
-0.67967967967968,-0.67967967967968,-0.135935935935936,-0.475775775775776
-0.677677677677678,-0.677677677677678,-0.135535535535536,-0.474374374374374
-0.675675675675676,-0.675675675675676,-0.135135135135135,-0.472972972972973
-0.673673673673674,-0.673673673673674,-0.134734734734735,-0.471571571571572
-0.671671671671672,-0.671671671671672,-0.134334334334334,-0.47017017017017
-0.66966966966967,-0.66966966966967,-0.133933933933934,-0.468768768768769
-0.667667667667668,-0.667667667667668,-0.133533533533534,-0.467367367367367
-0.665665665665666,-0.665665665665666,-0.133133133133133,-0.465965965965966
-0.663663663663664,-0.663663663663664,-0.132732732732733,-0.464564564564565
-0.661661661661662,-0.661661661661662,-0.132332332332332,-0.463163163163163
-0.65965965965966,-0.65965965965966,-0.131931931931932,-0.461761761761762
-0.657657657657658,-0.657657657657658,-0.131531531531532,-0.46036036036036
-0.655655655655656,-0.655655655655656,-0.131131131131131,-0.458958958958959
-0.653653653653654,-0.653653653653654,-0.130730730730731,-0.457557557557558
-0.651651651651652,-0.651651651651652,-0.13033033033033,-0.456156156156156
-0.64964964964965,-0.64964964964965,-0.12992992992993,-0.454754754754755
-0.647647647647648,-0.647647647647648,-0.12952952952953,-0.453353353353353
-0.645645645645646,-0.645645645645646,-0.129129129129129,-0.451951951951952
-0.643643643643644,-0.643643643643644,-0.128728728728729,-0.450550550550551
-0.641641641641642,-0.641641641641642,-0.128328328328328,-0.449149149149149
-0.63963963963964,-0.63963963963964,-0.127927927927928,-0.447747747747748
-0.637637637637638,-0.637637637637638,-0.127527527527528,-0.446346346346346
-0.635635635635636,-0.635635635635636,-0.127127127127127,-0.444944944944945
-0.633633633633634,-0.633633633633634,-0.126726726726727,-0.443543543543544
-0.631631631631632,-0.631631631631632,-0.126326326326326,-0.442142142142142
-0.62962962962963,-0.62962962962963,-0.125925925925926,-0.440740740740741
-0.627627627627628,-0.627627627627628,-0.125525525525526,-0.439339339339339
-0.625625625625626,-0.625625625625626,-0.125125125125125,-0.437937937937938
-0.623623623623624,-0.623623623623624,-0.124724724724725,-0.436536536536537
-0.621621621621622,-0.621621621621622,-0.124324324324324,-0.435135135135135
-0.61961961961962,-0.61961961961962,-0.123923923923924,-0.433733733733734
-0.617617617617618,-0.617617617617618,-0.123523523523524,-0.432332332332332
-0.615615615615616,-0.615615615615616,-0.123123123123123,-0.430930930930931
-0.613613613613614,-0.613613613613614,-0.122722722722723,-0.42952952952953
-0.611611611611612,-0.611611611611612,-0.122322322322322,-0.428128128128128
-0.60960960960961,-0.60960960960961,-0.121921921921922,-0.426726726726727
-0.607607607607608,-0.607607607607608,-0.121521521521522,-0.425325325325325
-0.605605605605606,-0.605605605605606,-0.121121121121121,-0.423923923923924
-0.603603603603604,-0.603603603603604,-0.120720720720721,-0.422522522522523
-0.601601601601602,-0.601601601601602,-0.12032032032032,-0.421121121121121
-0.5995995995996,-0.5995995995996,-0.11991991991992,-0.41971971971972
-0.597597597597598,-0.597597597597598,-0.11951951951952,-0.418318318318318
-0.595595595595596,-0.595595595595596,-0.119119119119119,-0.416916916916917
-0.593593593593594,-0.593593593593594,-0.118718718718719,-0.415515515515516
-0.591591591591592,-0.591591591591592,-0.118318318318318,-0.414114114114114
-0.58958958958959,-0.58958958958959,-0.117917917917918,-0.412712712712713
-0.587587587587588,-0.587587587587588,-0.117517517517518,-0.411311311311311
-0.585585585585586,-0.585585585585586,-0.117117117117117,-0.40990990990991
-0.583583583583584,-0.583583583583584,-0.116716716716717,-0.408508508508509
-0.581581581581582,-0.581581581581582,-0.116316316316316,-0.407107107107107
-0.57957957957958,-0.57957957957958,-0.115915915915916,-0.405705705705706
-0.577577577577578,-0.577577577577578,-0.115515515515516,-0.404304304304304
-0.575575575575576,-0.575575575575576,-0.115115115115115,-0.402902902902903
-0.573573573573574,-0.573573573573574,-0.114714714714715,-0.401501501501502
-0.571571571571572,-0.571571571571572,-0.114314314314314,-0.4001001001001
-0.56956956956957,-0.56956956956957,-0.113913913913914,-0.398698698698699
-0.567567567567568,-0.567567567567568,-0.113513513513514,-0.397297297297297
-0.565565565565566,-0.565565565565566,-0.113113113113113,-0.395895895895896
-0.563563563563564,-0.563563563563564,-0.112712712712713,-0.394494494494495
-0.561561561561562,-0.561561561561562,-0.112312312312312,-0.393093093093093
-0.559559559559559,-0.559559559559559,-0.111911911911912,-0.391691691691692
-0.557557557557558,-0.557557557557558,-0.111511511511512,-0.39029029029029
-0.555555555555556,-0.555555555555556,-0.111111111111111,-0.388888888888889
-0.553553553553554,-0.553553553553554,-0.110710710710711,-0.387487487487488
-0.551551551551552,-0.551551551551552,-0.11031031031031,-0.386086086086086
-0.549549549549549,-0.549549549549549,-0.10990990990991,-0.384684684684685
-0.547547547547548,-0.547547547547548,-0.10950950950951,-0.383283283283283
-0.545545545545546,-0.545545545545546,-0.109109109109109,-0.381881881881882
-0.543543543543544,-0.543543543543544,-0.108708708708709,-0.38048048048048
-0.541541541541542,-0.541541541541542,-0.108308308308308,-0.379079079079079
-0.539539539539539,-0.539539539539539,-0.107907907907908,-0.377677677677678
-0.537537537537538,-0.537537537537538,-0.107507507507508,-0.376276276276276
-0.535535535535536,-0.535535535535536,-0.107107107107107,-0.374874874874875
-0.533533533533534,-0.533533533533534,-0.106706706706707,-0.373473473473473
-0.531531531531532,-0.531531531531532,-0.106306306306306,-0.372072072072072
-0.529529529529529,-0.529529529529529,-0.105905905905906,-0.370670670670671
-0.527527527527528,-0.527527527527528,-0.105505505505506,-0.369269269269269
-0.525525525525526,-0.525525525525526,-0.105105105105105,-0.367867867867868
-0.523523523523524,-0.523523523523524,-0.104704704704705,-0.366466466466467
-0.521521521521522,-0.521521521521522,-0.104304304304304,-0.365065065065065
-0.519519519519519,-0.519519519519519,-0.103903903903904,-0.363663663663664
-0.517517517517518,-0.517517517517518,-0.103503503503504,-0.362262262262262
-0.515515515515516,-0.515515515515516,-0.103103103103103,-0.360860860860861
-0.513513513513513,-0.513513513513513,-0.102702702702703,-0.359459459459459
-0.511511511511512,-0.511511511511512,-0.102302302302302,-0.358058058058058
-0.509509509509509,-0.509509509509509,-0.101901901901902,-0.356656656656657
-0.507507507507508,-0.507507507507508,-0.101501501501502,-0.355255255255255
-0.505505505505506,-0.505505505505506,-0.101101101101101,-0.353853853853854
-0.503503503503503,-0.503503503503503,-0.100700700700701,-0.352452452452452
-0.501501501501502,-0.501501501501502,-0.1003003003003,-0.351051051051051
-0.499499499499499,-0.499499499499499,-0.0998998998998999,-0.34964964964965
-0.497497497497497,-0.497497497497497,-0.0994994994994995,-0.348248248248248
-0.495495495495496,-0.495495495495496,-0.0990990990990991,-0.346846846846847
-0.493493493493493,-0.493493493493493,-0.0986986986986987,-0.345445445445445
-0.491491491491492,-0.491491491491492,-0.0982982982982983,-0.344044044044044
-0.489489489489489,-0.489489489489489,-0.0978978978978979,-0.342642642642643
-0.487487487487487,-0.487487487487487,-0.0974974974974975,-0.341241241241241
-0.485485485485486,-0.485485485485486,-0.0970970970970971,-0.33983983983984
-0.483483483483483,-0.483483483483483,-0.0966966966966967,-0.338438438438438
-0.481481481481482,-0.481481481481482,-0.0962962962962963,-0.337037037037037
-0.479479479479479,-0.479479479479479,-0.0958958958958959,-0.335635635635636
-0.477477477477477,-0.477477477477477,-0.0954954954954955,-0.334234234234234
-0.475475475475476,-0.475475475475476,-0.0950950950950951,-0.332832832832833
-0.473473473473473,-0.473473473473473,-0.0946946946946947,-0.331431431431431
-0.471471471471472,-0.471471471471472,-0.0942942942942943,-0.33003003003003
-0.469469469469469,-0.469469469469469,-0.0938938938938939,-0.328628628628629
-0.467467467467467,-0.467467467467467,-0.0934934934934935,-0.327227227227227
-0.465465465465465,-0.465465465465465,-0.0930930930930931,-0.325825825825826
-0.463463463463463,-0.463463463463463,-0.0926926926926927,-0.324424424424424
-0.461461461461461,-0.461461461461461,-0.0922922922922923,-0.323023023023023
-0.459459459459459,-0.459459459459459,-0.0918918918918919,-0.321621621621622
-0.457457457457457,-0.457457457457457,-0.0914914914914915,-0.32022022022022
-0.455455455455455,-0.455455455455455,-0.0910910910910911,-0.318818818818819
-0.453453453453453,-0.453453453453453,-0.0906906906906907,-0.317417417417417
-0.451451451451451,-0.451451451451451,-0.0902902902902903,-0.316016016016016
-0.449449449449449,-0.449449449449449,-0.0898898898898899,-0.314614614614615
-0.447447447447447,-0.447447447447447,-0.0894894894894895,-0.313213213213213
-0.445445445445445,-0.445445445445445,-0.0890890890890891,-0.311811811811812
-0.443443443443443,-0.443443443443443,-0.0886886886886887,-0.31041041041041
-0.441441441441441,-0.441441441441441,-0.0882882882882883,-0.309009009009009
-0.439439439439439,-0.439439439439439,-0.0878878878878879,-0.307607607607608
-0.437437437437437,-0.437437437437437,-0.0874874874874875,-0.306206206206206
-0.435435435435435,-0.435435435435435,-0.0870870870870871,-0.304804804804805
-0.433433433433433,-0.433433433433433,-0.0866866866866867,-0.303403403403403
-0.431431431431431,-0.431431431431431,-0.0862862862862863,-0.302002002002002
-0.429429429429429,-0.429429429429429,-0.0858858858858859,-0.300600600600601
-0.427427427427427,-0.427427427427427,-0.0854854854854855,-0.299199199199199
-0.425425425425425,-0.425425425425425,-0.0850850850850851,-0.297797797797798
-0.423423423423423,-0.423423423423423,-0.0846846846846847,-0.296396396396396
-0.421421421421421,-0.421421421421421,-0.0842842842842843,-0.294994994994995
-0.419419419419419,-0.419419419419419,-0.0838838838838839,-0.293593593593594
-0.417417417417417,-0.417417417417417,-0.0834834834834835,-0.292192192192192
-0.415415415415415,-0.415415415415415,-0.0830830830830831,-0.290790790790791
-0.413413413413413,-0.413413413413413,-0.0826826826826827,-0.289389389389389
-0.411411411411411,-0.411411411411411,-0.0822822822822823,-0.287987987987988
-0.409409409409409,-0.409409409409409,-0.0818818818818819,-0.286586586586587
-0.407407407407407,-0.407407407407407,-0.0814814814814815,-0.285185185185185
-0.405405405405405,-0.405405405405405,-0.0810810810810811,-0.283783783783784
-0.403403403403403,-0.403403403403403,-0.0806806806806807,-0.282382382382382
-0.401401401401401,-0.401401401401401,-0.0802802802802803,-0.280980980980981
-0.399399399399399,-0.399399399399399,-0.0798798798798799,-0.27957957957958
-0.397397397397397,-0.397397397397397,-0.0794794794794795,-0.278178178178178
-0.395395395395395,-0.395395395395395,-0.0790790790790791,-0.276776776776777
-0.393393393393393,-0.393393393393393,-0.0786786786786787,-0.275375375375375
-0.391391391391391,-0.391391391391391,-0.0782782782782783,-0.273973973973974
-0.389389389389389,-0.389389389389389,-0.0778778778778779,-0.272572572572573
-0.387387387387387,-0.387387387387387,-0.0774774774774775,-0.271171171171171
-0.385385385385385,-0.385385385385385,-0.0770770770770771,-0.26976976976977
-0.383383383383383,-0.383383383383383,-0.0766766766766767,-0.268368368368368
-0.381381381381381,-0.381381381381381,-0.0762762762762763,-0.266966966966967
-0.379379379379379,-0.379379379379379,-0.0758758758758759,-0.265565565565566
-0.377377377377377,-0.377377377377377,-0.0754754754754755,-0.264164164164164
-0.375375375375375,-0.375375375375375,-0.0750750750750751,-0.262762762762763
-0.373373373373373,-0.373373373373373,-0.0746746746746747,-0.261361361361361
-0.371371371371371,-0.371371371371371,-0.0742742742742743,-0.25995995995996
-0.369369369369369,-0.369369369369369,-0.0738738738738739,-0.258558558558559
-0.367367367367367,-0.367367367367367,-0.0734734734734735,-0.257157157157157
-0.365365365365365,-0.365365365365365,-0.0730730730730731,-0.255755755755756
-0.363363363363363,-0.363363363363363,-0.0726726726726727,-0.254354354354354
-0.361361361361361,-0.361361361361361,-0.0722722722722723,-0.252952952952953
-0.359359359359359,-0.359359359359359,-0.0718718718718719,-0.251551551551552
-0.357357357357357,-0.357357357357357,-0.0714714714714715,-0.25015015015015
-0.355355355355355,-0.355355355355355,-0.0710710710710711,-0.248748748748749
-0.353353353353353,-0.353353353353353,-0.0706706706706707,-0.247347347347347
-0.351351351351351,-0.351351351351351,-0.0702702702702703,-0.245945945945946
-0.349349349349349,-0.349349349349349,-0.0698698698698699,-0.244544544544545
-0.347347347347347,-0.347347347347347,-0.0694694694694695,-0.243143143143143
-0.345345345345345,-0.345345345345345,-0.0690690690690691,-0.241741741741742
-0.343343343343343,-0.343343343343343,-0.0686686686686687,-0.24034034034034
-0.341341341341341,-0.341341341341341,-0.0682682682682683,-0.238938938938939
-0.339339339339339,-0.339339339339339,-0.0678678678678679,-0.237537537537538
-0.337337337337337,-0.337337337337337,-0.0674674674674675,-0.236136136136136
-0.335335335335335,-0.335335335335335,-0.0670670670670671,-0.234734734734735
-0.333333333333333,-0.333333333333333,-0.0666666666666667,-0.233333333333333
-0.331331331331331,-0.331331331331331,-0.0662662662662663,-0.231931931931932
-0.329329329329329,-0.329329329329329,-0.0658658658658659,-0.230530530530531
-0.327327327327327,-0.327327327327327,-0.0654654654654655,-0.229129129129129
-0.325325325325325,-0.325325325325325,-0.0650650650650651,-0.227727727727728
-0.323323323323323,-0.323323323323323,-0.0646646646646647,-0.226326326326326
-0.321321321321321,-0.321321321321321,-0.0642642642642643,-0.224924924924925
-0.319319319319319,-0.319319319319319,-0.0638638638638639,-0.223523523523524
-0.317317317317317,-0.317317317317317,-0.0634634634634635,-0.222122122122122
-0.315315315315315,-0.315315315315315,-0.0630630630630631,-0.220720720720721
-0.313313313313313,-0.313313313313313,-0.0626626626626627,-0.219319319319319
-0.311311311311311,-0.311311311311311,-0.0622622622622623,-0.217917917917918
-0.309309309309309,-0.309309309309309,-0.0618618618618619,-0.216516516516517
-0.307307307307307,-0.307307307307307,-0.0614614614614615,-0.215115115115115
-0.305305305305305,-0.305305305305305,-0.0610610610610611,-0.213713713713714
-0.303303303303303,-0.303303303303303,-0.0606606606606607,-0.212312312312312
-0.301301301301301,-0.301301301301301,-0.0602602602602603,-0.210910910910911
-0.299299299299299,-0.299299299299299,-0.0598598598598599,-0.20950950950951
-0.297297297297297,-0.297297297297297,-0.0594594594594595,-0.208108108108108
-0.295295295295295,-0.295295295295295,-0.0590590590590591,-0.206706706706707
-0.293293293293293,-0.293293293293293,-0.0586586586586587,-0.205305305305305
-0.291291291291291,-0.291291291291291,-0.0582582582582583,-0.203903903903904
-0.289289289289289,-0.289289289289289,-0.0578578578578579,-0.202502502502503
-0.287287287287287,-0.287287287287287,-0.0574574574574575,-0.201101101101101
-0.285285285285285,-0.285285285285285,-0.0570570570570571,-0.1996996996997
-0.283283283283283,-0.283283283283283,-0.0566566566566567,-0.198298298298298
-0.281281281281281,-0.281281281281281,-0.0562562562562563,-0.196896896896897
-0.279279279279279,-0.279279279279279,-0.0558558558558559,-0.195495495495495
-0.277277277277277,-0.277277277277277,-0.0554554554554555,-0.194094094094094
-0.275275275275275,-0.275275275275275,-0.0550550550550551,-0.192692692692693
-0.273273273273273,-0.273273273273273,-0.0546546546546546,-0.191291291291291
-0.271271271271271,-0.271271271271271,-0.0542542542542543,-0.18988988988989
-0.269269269269269,-0.269269269269269,-0.0538538538538539,-0.188488488488489
-0.267267267267267,-0.267267267267267,-0.0534534534534535,-0.187087087087087
-0.265265265265265,-0.265265265265265,-0.0530530530530531,-0.185685685685686
-0.263263263263263,-0.263263263263263,-0.0526526526526526,-0.184284284284284
-0.261261261261261,-0.261261261261261,-0.0522522522522523,-0.182882882882883
-0.259259259259259,-0.259259259259259,-0.0518518518518519,-0.181481481481481
-0.257257257257257,-0.257257257257257,-0.0514514514514514,-0.18008008008008
-0.255255255255255,-0.255255255255255,-0.0510510510510511,-0.178678678678679
-0.253253253253253,-0.253253253253253,-0.0506506506506506,-0.177277277277277
-0.251251251251251,-0.251251251251251,-0.0502502502502503,-0.175875875875876
-0.249249249249249,-0.249249249249249,-0.0498498498498499,-0.174474474474475
-0.247247247247247,-0.247247247247247,-0.0494494494494494,-0.173073073073073
-0.245245245245245,-0.245245245245245,-0.0490490490490491,-0.171671671671672
-0.243243243243243,-0.243243243243243,-0.0486486486486486,-0.17027027027027
-0.241241241241241,-0.241241241241241,-0.0482482482482482,-0.168868868868869
-0.239239239239239,-0.239239239239239,-0.0478478478478479,-0.167467467467467
-0.237237237237237,-0.237237237237237,-0.0474474474474474,-0.166066066066066
-0.235235235235235,-0.235235235235235,-0.0470470470470471,-0.164664664664665
-0.233233233233233,-0.233233233233233,-0.0466466466466466,-0.163263263263263
-0.231231231231231,-0.231231231231231,-0.0462462462462463,-0.161861861861862
-0.229229229229229,-0.229229229229229,-0.0458458458458459,-0.16046046046046
-0.227227227227227,-0.227227227227227,-0.0454454454454454,-0.159059059059059
-0.225225225225225,-0.225225225225225,-0.0450450450450451,-0.157657657657658
-0.223223223223223,-0.223223223223223,-0.0446446446446446,-0.156256256256256
-0.221221221221221,-0.221221221221221,-0.0442442442442443,-0.154854854854855
-0.219219219219219,-0.219219219219219,-0.0438438438438439,-0.153453453453453
-0.217217217217217,-0.217217217217217,-0.0434434434434434,-0.152052052052052
-0.215215215215215,-0.215215215215215,-0.0430430430430431,-0.150650650650651
-0.213213213213213,-0.213213213213213,-0.0426426426426426,-0.149249249249249
-0.211211211211211,-0.211211211211211,-0.0422422422422422,-0.147847847847848
-0.209209209209209,-0.209209209209209,-0.0418418418418418,-0.146446446446446
-0.207207207207207,-0.207207207207207,-0.0414414414414414,-0.145045045045045
-0.205205205205205,-0.205205205205205,-0.0410410410410411,-0.143643643643644
-0.203203203203203,-0.203203203203203,-0.0406406406406406,-0.142242242242242
-0.201201201201201,-0.201201201201201,-0.0402402402402402,-0.140840840840841
-0.199199199199199,-0.199199199199199,-0.0398398398398398,-0.139439439439439
-0.197197197197197,-0.197197197197197,-0.0394394394394394,-0.138038038038038
-0.195195195195195,-0.195195195195195,-0.039039039039039,-0.136636636636637
-0.193193193193193,-0.193193193193193,-0.0386386386386386,-0.135235235235235
-0.191191191191191,-0.191191191191191,-0.0382382382382382,-0.133833833833834
-0.189189189189189,-0.189189189189189,-0.0378378378378378,-0.132432432432432
-0.187187187187187,-0.187187187187187,-0.0374374374374374,-0.131031031031031
-0.185185185185185,-0.185185185185185,-0.037037037037037,-0.12962962962963
-0.183183183183183,-0.183183183183183,-0.0366366366366366,-0.128228228228228
-0.181181181181181,-0.181181181181181,-0.0362362362362362,-0.126826826826827
-0.179179179179179,-0.179179179179179,-0.0358358358358358,-0.125425425425425
-0.177177177177177,-0.177177177177177,-0.0354354354354354,-0.124024024024024
-0.175175175175175,-0.175175175175175,-0.035035035035035,-0.122622622622623
-0.173173173173173,-0.173173173173173,-0.0346346346346346,-0.121221221221221
-0.171171171171171,-0.171171171171171,-0.0342342342342342,-0.11981981981982
-0.169169169169169,-0.169169169169169,-0.0338338338338338,-0.118418418418418
-0.167167167167167,-0.167167167167167,-0.0334334334334334,-0.117017017017017
-0.165165165165165,-0.165165165165165,-0.033033033033033,-0.115615615615616
-0.163163163163163,-0.163163163163163,-0.0326326326326326,-0.114214214214214
-0.161161161161161,-0.161161161161161,-0.0322322322322322,-0.112812812812813
-0.159159159159159,-0.159159159159159,-0.0318318318318318,-0.111411411411411
-0.157157157157157,-0.157157157157157,-0.0314314314314314,-0.11001001001001
-0.155155155155155,-0.155155155155155,-0.031031031031031,-0.108608608608609
-0.153153153153153,-0.153153153153153,-0.0306306306306306,-0.107207207207207
-0.151151151151151,-0.151151151151151,-0.0302302302302302,-0.105805805805806
-0.149149149149149,-0.149149149149149,-0.0298298298298298,-0.104404404404404
-0.147147147147147,-0.147147147147147,-0.0294294294294294,-0.103003003003003
-0.145145145145145,-0.145145145145145,-0.029029029029029,-0.101601601601602
-0.143143143143143,-0.143143143143143,-0.0286286286286286,-0.1002002002002
-0.141141141141141,-0.141141141141141,-0.0282282282282282,-0.0987987987987988
-0.139139139139139,-0.139139139139139,-0.0278278278278278,-0.0973973973973974
-0.137137137137137,-0.137137137137137,-0.0274274274274274,-0.095995995995996
-0.135135135135135,-0.135135135135135,-0.027027027027027,-0.0945945945945946
-0.133133133133133,-0.133133133133133,-0.0266266266266266,-0.0931931931931932
-0.131131131131131,-0.131131131131131,-0.0262262262262262,-0.0917917917917918
-0.129129129129129,-0.129129129129129,-0.0258258258258258,-0.0903903903903904
-0.127127127127127,-0.127127127127127,-0.0254254254254254,-0.088988988988989
-0.125125125125125,-0.125125125125125,-0.025025025025025,-0.0875875875875876
-0.123123123123123,-0.123123123123123,-0.0246246246246246,-0.0861861861861862
-0.121121121121121,-0.121121121121121,-0.0242242242242242,-0.0847847847847848
-0.119119119119119,-0.119119119119119,-0.0238238238238238,-0.0833833833833834
-0.117117117117117,-0.117117117117117,-0.0234234234234234,-0.081981981981982
-0.115115115115115,-0.115115115115115,-0.023023023023023,-0.0805805805805805
-0.113113113113113,-0.113113113113113,-0.0226226226226226,-0.0791791791791792
-0.111111111111111,-0.111111111111111,-0.0222222222222222,-0.0777777777777778
-0.109109109109109,-0.109109109109109,-0.0218218218218218,-0.0763763763763764
-0.107107107107107,-0.107107107107107,-0.0214214214214214,-0.074974974974975
-0.105105105105105,-0.105105105105105,-0.021021021021021,-0.0735735735735735
-0.103103103103103,-0.103103103103103,-0.0206206206206206,-0.0721721721721722
-0.101101101101101,-0.101101101101101,-0.0202202202202202,-0.0707707707707708
-0.0990990990990991,-0.0990990990990991,-0.0198198198198198,-0.0693693693693694
-0.0970970970970971,-0.0970970970970971,-0.0194194194194194,-0.067967967967968
-0.0950950950950951,-0.0950950950950951,-0.019019019019019,-0.0665665665665665
-0.0930930930930931,-0.0930930930930931,-0.0186186186186186,-0.0651651651651652
-0.091091091091091,-0.091091091091091,-0.0182182182182182,-0.0637637637637637
-0.0890890890890891,-0.0890890890890891,-0.0178178178178178,-0.0623623623623624
-0.0870870870870871,-0.0870870870870871,-0.0174174174174174,-0.060960960960961
-0.0850850850850851,-0.0850850850850851,-0.017017017017017,-0.0595595595595595
-0.0830830830830831,-0.0830830830830831,-0.0166166166166166,-0.0581581581581582
-0.081081081081081,-0.081081081081081,-0.0162162162162162,-0.0567567567567567
-0.0790790790790791,-0.0790790790790791,-0.0158158158158158,-0.0553553553553553
-0.0770770770770771,-0.0770770770770771,-0.0154154154154154,-0.053953953953954
-0.075075075075075,-0.075075075075075,-0.015015015015015,-0.0525525525525525
-0.0730730730730731,-0.0730730730730731,-0.0146146146146146,-0.0511511511511512
-0.071071071071071,-0.071071071071071,-0.0142142142142142,-0.0497497497497497
-0.0690690690690691,-0.0690690690690691,-0.0138138138138138,-0.0483483483483483
-0.0670670670670671,-0.0670670670670671,-0.0134134134134134,-0.046946946946947
-0.065065065065065,-0.065065065065065,-0.013013013013013,-0.0455455455455455
-0.0630630630630631,-0.0630630630630631,-0.0126126126126126,-0.0441441441441442
-0.061061061061061,-0.061061061061061,-0.0122122122122122,-0.0427427427427427
-0.0590590590590591,-0.0590590590590591,-0.0118118118118118,-0.0413413413413413
-0.0570570570570571,-0.0570570570570571,-0.0114114114114114,-0.03993993993994
-0.055055055055055,-0.055055055055055,-0.011011011011011,-0.0385385385385385
-0.0530530530530531,-0.0530530530530531,-0.0106106106106106,-0.0371371371371371
-0.051051051051051,-0.051051051051051,-0.0102102102102102,-0.0357357357357357
-0.0490490490490491,-0.0490490490490491,-0.00980980980980981,-0.0343343343343343
-0.0470470470470471,-0.0470470470470471,-0.00940940940940942,-0.032932932932933
-0.045045045045045,-0.045045045045045,-0.00900900900900901,-0.0315315315315315
-0.0430430430430431,-0.0430430430430431,-0.00860860860860862,-0.0301301301301301
-0.041041041041041,-0.041041041041041,-0.0082082082082082,-0.0287287287287287
-0.039039039039039,-0.039039039039039,-0.00780780780780781,-0.0273273273273273
-0.0370370370370371,-0.0370370370370371,-0.00740740740740742,-0.025925925925926
-0.035035035035035,-0.035035035035035,-0.00700700700700701,-0.0245245245245245
-0.0330330330330331,-0.0330330330330331,-0.00660660660660661,-0.0231231231231231
-0.031031031031031,-0.031031031031031,-0.0062062062062062,-0.0217217217217217
-0.029029029029029,-0.029029029029029,-0.00580580580580581,-0.0203203203203203
-0.027027027027027,-0.027027027027027,-0.0054054054054054,-0.0189189189189189
-0.025025025025025,-0.025025025025025,-0.005005005005005,-0.0175175175175175
-0.0230230230230231,-0.0230230230230231,-0.00460460460460461,-0.0161161161161161
-0.021021021021021,-0.021021021021021,-0.0042042042042042,-0.0147147147147147
-0.019019019019019,-0.019019019019019,-0.00380380380380381,-0.0133133133133133
-0.017017017017017,-0.017017017017017,-0.00340340340340339,-0.0119119119119119
-0.015015015015015,-0.015015015015015,-0.003003003003003,-0.0105105105105105
-0.0130130130130131,-0.0130130130130131,-0.00260260260260261,-0.00910910910910914
-0.011011011011011,-0.011011011011011,-0.0022022022022022,-0.00770770770770769
-0.00900900900900903,-0.00900900900900903,-0.00180180180180181,-0.00630630630630632
-0.00700700700700696,-0.00700700700700696,-0.00140140140140139,-0.00490490490490487
-0.005005005005005,-0.005005005005005,-0.001001001001001,-0.0035035035035035
-0.00300300300300305,-0.00300300300300305,-0.000600600600600609,-0.00210210210210213
-0.00100100100100098,-0.00100100100100098,-0.000200200200200196,-0.000700700700700685
0.00100100100100109,0.00100100100100109,0.000200200200200218,0.000700700700700763
0.00300300300300305,0.00300300300300305,0.000600600600600609,0.00210210210210213
0.005005005005005,0.005005005005005,0.001001001001001,0.0035035035035035
0.00700700700700696,0.00700700700700696,0.00140140140140139,0.00490490490490487
0.00900900900900892,0.00900900900900892,0.00180180180180178,0.00630630630630624
0.0110110110110111,0.0110110110110111,0.00220220220220222,0.00770770770770777
0.0130130130130131,0.0130130130130131,0.00260260260260261,0.00910910910910914
0.015015015015015,0.015015015015015,0.003003003003003,0.0105105105105105
0.017017017017017,0.017017017017017,0.00340340340340339,0.0119119119119119
0.0190190190190189,0.0190190190190189,0.00380380380380378,0.0133133133133132
0.0210210210210211,0.0210210210210211,0.00420420420420422,0.0147147147147148
0.0230230230230231,0.0230230230230231,0.00460460460460461,0.0161161161161161
0.025025025025025,0.025025025025025,0.005005005005005,0.0175175175175175
0.027027027027027,0.027027027027027,0.0054054054054054,0.0189189189189189
0.0290290290290289,0.0290290290290289,0.00580580580580579,0.0203203203203202
0.0310310310310311,0.0310310310310311,0.00620620620620622,0.0217217217217218
0.0330330330330331,0.0330330330330331,0.00660660660660661,0.0231231231231231
0.035035035035035,0.035035035035035,0.00700700700700701,0.0245245245245245
0.037037037037037,0.037037037037037,0.0074074074074074,0.0259259259259259
0.0390390390390389,0.0390390390390389,0.00780780780780779,0.0273273273273273
0.0410410410410411,0.0410410410410411,0.00820820820820822,0.0287287287287288
0.0430430430430431,0.0430430430430431,0.00860860860860862,0.0301301301301301
0.045045045045045,0.045045045045045,0.00900900900900901,0.0315315315315315
0.047047047047047,0.047047047047047,0.0094094094094094,0.0329329329329329
0.0490490490490489,0.0490490490490489,0.00980980980980979,0.0343343343343343
0.0510510510510511,0.0510510510510511,0.0102102102102102,0.0357357357357358
0.0530530530530531,0.0530530530530531,0.0106106106106106,0.0371371371371371
0.055055055055055,0.055055055055055,0.011011011011011,0.0385385385385385
0.057057057057057,0.057057057057057,0.0114114114114114,0.0399399399399399
0.0590590590590589,0.0590590590590589,0.0118118118118118,0.0413413413413413
0.0610610610610611,0.0610610610610611,0.0122122122122122,0.0427427427427428
0.0630630630630631,0.0630630630630631,0.0126126126126126,0.0441441441441442
0.065065065065065,0.065065065065065,0.013013013013013,0.0455455455455455
0.067067067067067,0.067067067067067,0.0134134134134134,0.0469469469469469
0.0690690690690692,0.0690690690690692,0.0138138138138138,0.0483483483483484
0.0710710710710711,0.0710710710710711,0.0142142142142142,0.0497497497497498
0.0730730730730731,0.0730730730730731,0.0146146146146146,0.0511511511511512
0.075075075075075,0.075075075075075,0.015015015015015,0.0525525525525525
0.077077077077077,0.077077077077077,0.0154154154154154,0.0539539539539539
0.0790790790790792,0.0790790790790792,0.0158158158158158,0.0553553553553554
0.0810810810810811,0.0810810810810811,0.0162162162162162,0.0567567567567568
0.0830830830830831,0.0830830830830831,0.0166166166166166,0.0581581581581582
0.0850850850850851,0.0850850850850851,0.017017017017017,0.0595595595595595
0.087087087087087,0.087087087087087,0.0174174174174174,0.0609609609609609
0.0890890890890892,0.0890890890890892,0.0178178178178178,0.0623623623623624
0.0910910910910911,0.0910910910910911,0.0182182182182182,0.0637637637637638
0.0930930930930931,0.0930930930930931,0.0186186186186186,0.0651651651651652
0.0950950950950951,0.0950950950950951,0.019019019019019,0.0665665665665665
0.097097097097097,0.097097097097097,0.0194194194194194,0.0679679679679679
0.0990990990990992,0.0990990990990992,0.0198198198198198,0.0693693693693694
0.101101101101101,0.101101101101101,0.0202202202202202,0.0707707707707708
0.103103103103103,0.103103103103103,0.0206206206206206,0.0721721721721722
0.105105105105105,0.105105105105105,0.021021021021021,0.0735735735735735
0.107107107107107,0.107107107107107,0.0214214214214214,0.0749749749749749
0.109109109109109,0.109109109109109,0.0218218218218218,0.0763763763763764
0.111111111111111,0.111111111111111,0.0222222222222222,0.0777777777777778
0.113113113113113,0.113113113113113,0.0226226226226226,0.0791791791791792
0.115115115115115,0.115115115115115,0.023023023023023,0.0805805805805805
0.117117117117117,0.117117117117117,0.0234234234234234,0.0819819819819819
0.119119119119119,0.119119119119119,0.0238238238238238,0.0833833833833834
0.121121121121121,0.121121121121121,0.0242242242242242,0.0847847847847848
0.123123123123123,0.123123123123123,0.0246246246246246,0.0861861861861862
0.125125125125125,0.125125125125125,0.025025025025025,0.0875875875875876
0.127127127127127,0.127127127127127,0.0254254254254254,0.0889889889889889
0.129129129129129,0.129129129129129,0.0258258258258258,0.0903903903903904
0.131131131131131,0.131131131131131,0.0262262262262262,0.0917917917917918
0.133133133133133,0.133133133133133,0.0266266266266266,0.0931931931931932
0.135135135135135,0.135135135135135,0.027027027027027,0.0945945945945946
0.137137137137137,0.137137137137137,0.0274274274274274,0.0959959959959959
0.139139139139139,0.139139139139139,0.0278278278278278,0.0973973973973974
0.141141141141141,0.141141141141141,0.0282282282282282,0.0987987987987988
0.143143143143143,0.143143143143143,0.0286286286286286,0.1002002002002
0.145145145145145,0.145145145145145,0.029029029029029,0.101601601601602
0.147147147147147,0.147147147147147,0.0294294294294294,0.103003003003003
0.149149149149149,0.149149149149149,0.0298298298298298,0.104404404404404
0.151151151151151,0.151151151151151,0.0302302302302302,0.105805805805806
0.153153153153153,0.153153153153153,0.0306306306306306,0.107207207207207
0.155155155155155,0.155155155155155,0.031031031031031,0.108608608608609
0.157157157157157,0.157157157157157,0.0314314314314314,0.11001001001001
0.159159159159159,0.159159159159159,0.0318318318318319,0.111411411411411
0.161161161161161,0.161161161161161,0.0322322322322322,0.112812812812813
0.163163163163163,0.163163163163163,0.0326326326326326,0.114214214214214
0.165165165165165,0.165165165165165,0.033033033033033,0.115615615615616
0.167167167167167,0.167167167167167,0.0334334334334334,0.117017017017017
0.169169169169169,0.169169169169169,0.0338338338338338,0.118418418418418
0.171171171171171,0.171171171171171,0.0342342342342342,0.11981981981982
0.173173173173173,0.173173173173173,0.0346346346346346,0.121221221221221
0.175175175175175,0.175175175175175,0.035035035035035,0.122622622622623
0.177177177177177,0.177177177177177,0.0354354354354354,0.124024024024024
0.179179179179179,0.179179179179179,0.0358358358358358,0.125425425425425
0.181181181181181,0.181181181181181,0.0362362362362362,0.126826826826827
0.183183183183183,0.183183183183183,0.0366366366366366,0.128228228228228
0.185185185185185,0.185185185185185,0.037037037037037,0.12962962962963
0.187187187187187,0.187187187187187,0.0374374374374374,0.131031031031031
0.189189189189189,0.189189189189189,0.0378378378378379,0.132432432432432
0.191191191191191,0.191191191191191,0.0382382382382382,0.133833833833834
0.193193193193193,0.193193193193193,0.0386386386386386,0.135235235235235
0.195195195195195,0.195195195195195,0.039039039039039,0.136636636636637
0.197197197197197,0.197197197197197,0.0394394394394395,0.138038038038038
0.199199199199199,0.199199199199199,0.0398398398398399,0.139439439439439
0.201201201201201,0.201201201201201,0.0402402402402402,0.140840840840841
0.203203203203203,0.203203203203203,0.0406406406406406,0.142242242242242
0.205205205205205,0.205205205205205,0.041041041041041,0.143643643643644
0.207207207207207,0.207207207207207,0.0414414414414415,0.145045045045045
0.209209209209209,0.209209209209209,0.0418418418418419,0.146446446446446
0.211211211211211,0.211211211211211,0.0422422422422422,0.147847847847848
0.213213213213213,0.213213213213213,0.0426426426426426,0.149249249249249
0.215215215215215,0.215215215215215,0.043043043043043,0.150650650650651
0.217217217217217,0.217217217217217,0.0434434434434435,0.152052052052052
0.219219219219219,0.219219219219219,0.0438438438438439,0.153453453453453
0.221221221221221,0.221221221221221,0.0442442442442443,0.154854854854855
0.223223223223223,0.223223223223223,0.0446446446446446,0.156256256256256
0.225225225225225,0.225225225225225,0.045045045045045,0.157657657657658
0.227227227227227,0.227227227227227,0.0454454454454455,0.159059059059059
0.229229229229229,0.229229229229229,0.0458458458458459,0.16046046046046
0.231231231231231,0.231231231231231,0.0462462462462463,0.161861861861862
0.233233233233233,0.233233233233233,0.0466466466466466,0.163263263263263
0.235235235235235,0.235235235235235,0.047047047047047,0.164664664664665
0.237237237237237,0.237237237237237,0.0474474474474475,0.166066066066066
0.239239239239239,0.239239239239239,0.0478478478478479,0.167467467467467
0.241241241241241,0.241241241241241,0.0482482482482482,0.168868868868869
0.243243243243243,0.243243243243243,0.0486486486486486,0.17027027027027
0.245245245245245,0.245245245245245,0.049049049049049,0.171671671671672
0.247247247247247,0.247247247247247,0.0494494494494495,0.173073073073073
0.249249249249249,0.249249249249249,0.0498498498498499,0.174474474474475
0.251251251251251,0.251251251251251,0.0502502502502503,0.175875875875876
0.253253253253253,0.253253253253253,0.0506506506506506,0.177277277277277
0.255255255255255,0.255255255255255,0.051051051051051,0.178678678678679
0.257257257257257,0.257257257257257,0.0514514514514515,0.18008008008008
0.259259259259259,0.259259259259259,0.0518518518518519,0.181481481481481
0.261261261261261,0.261261261261261,0.0522522522522523,0.182882882882883
0.263263263263263,0.263263263263263,0.0526526526526526,0.184284284284284
0.265265265265265,0.265265265265265,0.053053053053053,0.185685685685686
0.267267267267267,0.267267267267267,0.0534534534534535,0.187087087087087
0.269269269269269,0.269269269269269,0.0538538538538539,0.188488488488489
0.271271271271271,0.271271271271271,0.0542542542542543,0.18988988988989
0.273273273273273,0.273273273273273,0.0546546546546546,0.191291291291291
0.275275275275275,0.275275275275275,0.055055055055055,0.192692692692693
0.277277277277277,0.277277277277277,0.0554554554554555,0.194094094094094
0.279279279279279,0.279279279279279,0.0558558558558559,0.195495495495495
0.281281281281281,0.281281281281281,0.0562562562562563,0.196896896896897
0.283283283283283,0.283283283283283,0.0566566566566566,0.198298298298298
0.285285285285285,0.285285285285285,0.057057057057057,0.1996996996997
0.287287287287287,0.287287287287287,0.0574574574574575,0.201101101101101
0.289289289289289,0.289289289289289,0.0578578578578579,0.202502502502503
0.291291291291291,0.291291291291291,0.0582582582582583,0.203903903903904
0.293293293293293,0.293293293293293,0.0586586586586587,0.205305305305305
0.295295295295295,0.295295295295295,0.059059059059059,0.206706706706707
0.297297297297297,0.297297297297297,0.0594594594594595,0.208108108108108
0.299299299299299,0.299299299299299,0.0598598598598599,0.20950950950951
0.301301301301301,0.301301301301301,0.0602602602602603,0.210910910910911
0.303303303303303,0.303303303303303,0.0606606606606606,0.212312312312312
0.305305305305305,0.305305305305305,0.061061061061061,0.213713713713714
0.307307307307307,0.307307307307307,0.0614614614614615,0.215115115115115
0.309309309309309,0.309309309309309,0.0618618618618619,0.216516516516517
0.311311311311311,0.311311311311311,0.0622622622622623,0.217917917917918
0.313313313313313,0.313313313313313,0.0626626626626627,0.219319319319319
0.315315315315315,0.315315315315315,0.0630630630630631,0.220720720720721
0.317317317317317,0.317317317317317,0.0634634634634635,0.222122122122122
0.319319319319319,0.319319319319319,0.0638638638638639,0.223523523523524
0.321321321321321,0.321321321321321,0.0642642642642643,0.224924924924925
0.323323323323323,0.323323323323323,0.0646646646646647,0.226326326326326
0.325325325325325,0.325325325325325,0.0650650650650651,0.227727727727728
0.327327327327327,0.327327327327327,0.0654654654654655,0.229129129129129
0.329329329329329,0.329329329329329,0.0658658658658659,0.230530530530531
0.331331331331331,0.331331331331331,0.0662662662662663,0.231931931931932
0.333333333333333,0.333333333333333,0.0666666666666667,0.233333333333333
0.335335335335335,0.335335335335335,0.0670670670670671,0.234734734734735
0.337337337337337,0.337337337337337,0.0674674674674675,0.236136136136136
0.339339339339339,0.339339339339339,0.0678678678678679,0.237537537537538
0.341341341341341,0.341341341341341,0.0682682682682683,0.238938938938939
0.343343343343343,0.343343343343343,0.0686686686686687,0.24034034034034
0.345345345345345,0.345345345345345,0.0690690690690691,0.241741741741742
0.347347347347347,0.347347347347347,0.0694694694694695,0.243143143143143
0.349349349349349,0.349349349349349,0.0698698698698699,0.244544544544545
0.351351351351351,0.351351351351351,0.0702702702702703,0.245945945945946
0.353353353353353,0.353353353353353,0.0706706706706707,0.247347347347347
0.355355355355355,0.355355355355355,0.0710710710710711,0.248748748748749
0.357357357357357,0.357357357357357,0.0714714714714715,0.25015015015015
0.359359359359359,0.359359359359359,0.0718718718718719,0.251551551551552
0.361361361361361,0.361361361361361,0.0722722722722723,0.252952952952953
0.363363363363363,0.363363363363363,0.0726726726726727,0.254354354354354
0.365365365365365,0.365365365365365,0.0730730730730731,0.255755755755756
0.367367367367367,0.367367367367367,0.0734734734734735,0.257157157157157
0.369369369369369,0.369369369369369,0.0738738738738739,0.258558558558559
0.371371371371371,0.371371371371371,0.0742742742742743,0.25995995995996
0.373373373373373,0.373373373373373,0.0746746746746747,0.261361361361361
0.375375375375375,0.375375375375375,0.0750750750750751,0.262762762762763
0.377377377377377,0.377377377377377,0.0754754754754755,0.264164164164164
0.379379379379379,0.379379379379379,0.0758758758758759,0.265565565565566
0.381381381381381,0.381381381381381,0.0762762762762763,0.266966966966967
0.383383383383383,0.383383383383383,0.0766766766766767,0.268368368368368
0.385385385385385,0.385385385385385,0.0770770770770771,0.26976976976977
0.387387387387387,0.387387387387387,0.0774774774774775,0.271171171171171
0.389389389389389,0.389389389389389,0.0778778778778779,0.272572572572573
0.391391391391391,0.391391391391391,0.0782782782782783,0.273973973973974
0.393393393393393,0.393393393393393,0.0786786786786787,0.275375375375375
0.395395395395395,0.395395395395395,0.0790790790790791,0.276776776776777
0.397397397397397,0.397397397397397,0.0794794794794795,0.278178178178178
0.399399399399399,0.399399399399399,0.0798798798798799,0.27957957957958
0.401401401401401,0.401401401401401,0.0802802802802803,0.280980980980981
0.403403403403403,0.403403403403403,0.0806806806806807,0.282382382382382
0.405405405405405,0.405405405405405,0.0810810810810811,0.283783783783784
0.407407407407407,0.407407407407407,0.0814814814814815,0.285185185185185
0.409409409409409,0.409409409409409,0.0818818818818819,0.286586586586587
0.411411411411411,0.411411411411411,0.0822822822822823,0.287987987987988
0.413413413413413,0.413413413413413,0.0826826826826827,0.289389389389389
0.415415415415415,0.415415415415415,0.0830830830830831,0.290790790790791
0.417417417417417,0.417417417417417,0.0834834834834835,0.292192192192192
0.419419419419419,0.419419419419419,0.0838838838838839,0.293593593593594
0.421421421421421,0.421421421421421,0.0842842842842843,0.294994994994995
0.423423423423423,0.423423423423423,0.0846846846846847,0.296396396396396
0.425425425425425,0.425425425425425,0.0850850850850851,0.297797797797798
0.427427427427427,0.427427427427427,0.0854854854854855,0.299199199199199
0.429429429429429,0.429429429429429,0.0858858858858859,0.300600600600601
0.431431431431431,0.431431431431431,0.0862862862862863,0.302002002002002
0.433433433433433,0.433433433433433,0.0866866866866867,0.303403403403403
0.435435435435436,0.435435435435436,0.0870870870870871,0.304804804804805
0.437437437437437,0.437437437437437,0.0874874874874875,0.306206206206206
0.439439439439439,0.439439439439439,0.0878878878878879,0.307607607607608
0.441441441441441,0.441441441441441,0.0882882882882883,0.309009009009009
0.443443443443444,0.443443443443444,0.0886886886886887,0.31041041041041
0.445445445445446,0.445445445445446,0.0890890890890891,0.311811811811812
0.447447447447447,0.447447447447447,0.0894894894894895,0.313213213213213
0.449449449449449,0.449449449449449,0.0898898898898899,0.314614614614615
0.451451451451451,0.451451451451451,0.0902902902902903,0.316016016016016
0.453453453453454,0.453453453453454,0.0906906906906907,0.317417417417417
0.455455455455456,0.455455455455456,0.0910910910910911,0.318818818818819
0.457457457457457,0.457457457457457,0.0914914914914915,0.32022022022022
0.459459459459459,0.459459459459459,0.0918918918918919,0.321621621621622
0.461461461461461,0.461461461461461,0.0922922922922923,0.323023023023023
0.463463463463464,0.463463463463464,0.0926926926926927,0.324424424424424
0.465465465465466,0.465465465465466,0.0930930930930931,0.325825825825826
0.467467467467467,0.467467467467467,0.0934934934934935,0.327227227227227
0.469469469469469,0.469469469469469,0.0938938938938939,0.328628628628629
0.471471471471471,0.471471471471471,0.0942942942942943,0.33003003003003
0.473473473473474,0.473473473473474,0.0946946946946947,0.331431431431432
0.475475475475476,0.475475475475476,0.0950950950950951,0.332832832832833
0.477477477477477,0.477477477477477,0.0954954954954955,0.334234234234234
0.479479479479479,0.479479479479479,0.0958958958958959,0.335635635635636
0.481481481481481,0.481481481481481,0.0962962962962963,0.337037037037037
0.483483483483484,0.483483483483484,0.0966966966966967,0.338438438438438
0.485485485485486,0.485485485485486,0.0970970970970971,0.33983983983984
0.487487487487487,0.487487487487487,0.0974974974974975,0.341241241241241
0.489489489489489,0.489489489489489,0.0978978978978979,0.342642642642643
0.491491491491491,0.491491491491491,0.0982982982982983,0.344044044044044
0.493493493493494,0.493493493493494,0.0986986986986987,0.345445445445445
0.495495495495496,0.495495495495496,0.0990990990990991,0.346846846846847
0.497497497497497,0.497497497497497,0.0994994994994995,0.348248248248248
0.499499499499499,0.499499499499499,0.0998998998998999,0.34964964964965
0.501501501501501,0.501501501501501,0.1003003003003,0.351051051051051
0.503503503503504,0.503503503503504,0.100700700700701,0.352452452452452
0.505505505505506,0.505505505505506,0.101101101101101,0.353853853853854
0.507507507507508,0.507507507507508,0.101501501501502,0.355255255255255
0.509509509509509,0.509509509509509,0.101901901901902,0.356656656656657
0.511511511511511,0.511511511511511,0.102302302302302,0.358058058058058
0.513513513513514,0.513513513513514,0.102702702702703,0.35945945945946
0.515515515515516,0.515515515515516,0.103103103103103,0.360860860860861
0.517517517517518,0.517517517517518,0.103503503503504,0.362262262262262
0.519519519519519,0.519519519519519,0.103903903903904,0.363663663663664
0.521521521521521,0.521521521521521,0.104304304304304,0.365065065065065
0.523523523523524,0.523523523523524,0.104704704704705,0.366466466466467
0.525525525525526,0.525525525525526,0.105105105105105,0.367867867867868
0.527527527527528,0.527527527527528,0.105505505505506,0.369269269269269
0.529529529529529,0.529529529529529,0.105905905905906,0.370670670670671
0.531531531531531,0.531531531531531,0.106306306306306,0.372072072072072
0.533533533533534,0.533533533533534,0.106706706706707,0.373473473473473
0.535535535535536,0.535535535535536,0.107107107107107,0.374874874874875
0.537537537537538,0.537537537537538,0.107507507507508,0.376276276276276
0.539539539539539,0.539539539539539,0.107907907907908,0.377677677677678
0.541541541541541,0.541541541541541,0.108308308308308,0.379079079079079
0.543543543543544,0.543543543543544,0.108708708708709,0.38048048048048
0.545545545545546,0.545545545545546,0.109109109109109,0.381881881881882
0.547547547547548,0.547547547547548,0.10950950950951,0.383283283283283
0.549549549549549,0.549549549549549,0.10990990990991,0.384684684684685
0.551551551551551,0.551551551551551,0.11031031031031,0.386086086086086
0.553553553553554,0.553553553553554,0.110710710710711,0.387487487487488
0.555555555555556,0.555555555555556,0.111111111111111,0.388888888888889
0.557557557557558,0.557557557557558,0.111511511511512,0.39029029029029
0.559559559559559,0.559559559559559,0.111911911911912,0.391691691691692
0.561561561561561,0.561561561561561,0.112312312312312,0.393093093093093
0.563563563563564,0.563563563563564,0.112712712712713,0.394494494494495
0.565565565565566,0.565565565565566,0.113113113113113,0.395895895895896
0.567567567567568,0.567567567567568,0.113513513513514,0.397297297297297
0.56956956956957,0.56956956956957,0.113913913913914,0.398698698698699
0.571571571571572,0.571571571571572,0.114314314314314,0.4001001001001
0.573573573573574,0.573573573573574,0.114714714714715,0.401501501501502
0.575575575575576,0.575575575575576,0.115115115115115,0.402902902902903
0.577577577577578,0.577577577577578,0.115515515515516,0.404304304304304
0.57957957957958,0.57957957957958,0.115915915915916,0.405705705705706
0.581581581581582,0.581581581581582,0.116316316316316,0.407107107107107
0.583583583583584,0.583583583583584,0.116716716716717,0.408508508508509
0.585585585585586,0.585585585585586,0.117117117117117,0.40990990990991
0.587587587587588,0.587587587587588,0.117517517517518,0.411311311311311
0.58958958958959,0.58958958958959,0.117917917917918,0.412712712712713
0.591591591591592,0.591591591591592,0.118318318318318,0.414114114114114
0.593593593593594,0.593593593593594,0.118718718718719,0.415515515515516
0.595595595595596,0.595595595595596,0.119119119119119,0.416916916916917
0.597597597597598,0.597597597597598,0.11951951951952,0.418318318318318
0.5995995995996,0.5995995995996,0.11991991991992,0.41971971971972
0.601601601601602,0.601601601601602,0.12032032032032,0.421121121121121
0.603603603603604,0.603603603603604,0.120720720720721,0.422522522522523
0.605605605605606,0.605605605605606,0.121121121121121,0.423923923923924
0.607607607607608,0.607607607607608,0.121521521521522,0.425325325325325
0.60960960960961,0.60960960960961,0.121921921921922,0.426726726726727
0.611611611611612,0.611611611611612,0.122322322322322,0.428128128128128
0.613613613613614,0.613613613613614,0.122722722722723,0.42952952952953
0.615615615615616,0.615615615615616,0.123123123123123,0.430930930930931
0.617617617617618,0.617617617617618,0.123523523523524,0.432332332332332
0.61961961961962,0.61961961961962,0.123923923923924,0.433733733733734
0.621621621621622,0.621621621621622,0.124324324324324,0.435135135135135
0.623623623623624,0.623623623623624,0.124724724724725,0.436536536536537
0.625625625625626,0.625625625625626,0.125125125125125,0.437937937937938
0.627627627627628,0.627627627627628,0.125525525525526,0.439339339339339
0.62962962962963,0.62962962962963,0.125925925925926,0.440740740740741
0.631631631631632,0.631631631631632,0.126326326326326,0.442142142142142
0.633633633633634,0.633633633633634,0.126726726726727,0.443543543543544
0.635635635635636,0.635635635635636,0.127127127127127,0.444944944944945
0.637637637637638,0.637637637637638,0.127527527527528,0.446346346346346
0.63963963963964,0.63963963963964,0.127927927927928,0.447747747747748
0.641641641641642,0.641641641641642,0.128328328328328,0.449149149149149
0.643643643643644,0.643643643643644,0.128728728728729,0.450550550550551
0.645645645645646,0.645645645645646,0.129129129129129,0.451951951951952
0.647647647647648,0.647647647647648,0.12952952952953,0.453353353353353
0.64964964964965,0.64964964964965,0.12992992992993,0.454754754754755
0.651651651651652,0.651651651651652,0.13033033033033,0.456156156156156
0.653653653653654,0.653653653653654,0.130730730730731,0.457557557557558
0.655655655655656,0.655655655655656,0.131131131131131,0.458958958958959
0.657657657657658,0.657657657657658,0.131531531531532,0.46036036036036
0.65965965965966,0.65965965965966,0.131931931931932,0.461761761761762
0.661661661661662,0.661661661661662,0.132332332332332,0.463163163163163
0.663663663663664,0.663663663663664,0.132732732732733,0.464564564564565
0.665665665665666,0.665665665665666,0.133133133133133,0.465965965965966
0.667667667667668,0.667667667667668,0.133533533533534,0.467367367367367
0.66966966966967,0.66966966966967,0.133933933933934,0.468768768768769
0.671671671671672,0.671671671671672,0.134334334334334,0.47017017017017
0.673673673673674,0.673673673673674,0.134734734734735,0.471571571571572
0.675675675675676,0.675675675675676,0.135135135135135,0.472972972972973
0.677677677677678,0.677677677677678,0.135535535535536,0.474374374374374
0.67967967967968,0.67967967967968,0.135935935935936,0.475775775775776
0.681681681681682,0.681681681681682,0.136336336336336,0.477177177177177
0.683683683683684,0.683683683683684,0.136736736736737,0.478578578578579
0.685685685685686,0.685685685685686,0.137137137137137,0.47997997997998
0.687687687687688,0.687687687687688,0.137537537537538,0.481381381381381
0.68968968968969,0.68968968968969,0.137937937937938,0.482782782782783
0.691691691691692,0.691691691691692,0.138338338338338,0.484184184184184
0.693693693693694,0.693693693693694,0.138738738738739,0.485585585585586
0.695695695695696,0.695695695695696,0.139139139139139,0.486986986986987
0.697697697697698,0.697697697697698,0.13953953953954,0.488388388388388
0.6996996996997,0.6996996996997,0.13993993993994,0.48978978978979
0.701701701701702,0.701701701701702,0.14034034034034,0.491191191191191
0.703703703703704,0.703703703703704,0.140740740740741,0.492592592592593
0.705705705705706,0.705705705705706,0.141141141141141,0.493993993993994
0.707707707707708,0.707707707707708,0.141541541541542,0.495395395395395
0.70970970970971,0.70970970970971,0.141941941941942,0.496796796796797
0.711711711711712,0.711711711711712,0.142342342342342,0.498198198198198
0.713713713713714,0.713713713713714,0.142742742742743,0.4995995995996
0.715715715715716,0.715715715715716,0.143143143143143,0.501001001001001
0.717717717717718,0.717717717717718,0.143543543543544,0.502402402402402
0.71971971971972,0.71971971971972,0.143943943943944,0.503803803803804
0.721721721721722,0.721721721721722,0.144344344344344,0.505205205205205
0.723723723723724,0.723723723723724,0.144744744744745,0.506606606606607
0.725725725725726,0.725725725725726,0.145145145145145,0.508008008008008
0.727727727727728,0.727727727727728,0.145545545545546,0.509409409409409
0.72972972972973,0.72972972972973,0.145945945945946,0.510810810810811
0.731731731731732,0.731731731731732,0.146346346346346,0.512212212212212
0.733733733733734,0.733733733733734,0.146746746746747,0.513613613613614
0.735735735735736,0.735735735735736,0.147147147147147,0.515015015015015
0.737737737737738,0.737737737737738,0.147547547547548,0.516416416416416
0.73973973973974,0.73973973973974,0.147947947947948,0.517817817817818
0.741741741741742,0.741741741741742,0.148348348348348,0.519219219219219
0.743743743743744,0.743743743743744,0.148748748748749,0.520620620620621
0.745745745745746,0.745745745745746,0.149149149149149,0.522022022022022
0.747747747747748,0.747747747747748,0.14954954954955,0.523423423423423
0.74974974974975,0.74974974974975,0.14994994994995,0.524824824824825
0.751751751751752,0.751751751751752,0.15035035035035,0.526226226226226
0.753753753753754,0.753753753753754,0.150750750750751,0.527627627627628
0.755755755755756,0.755755755755756,0.151151151151151,0.529029029029029
0.757757757757758,0.757757757757758,0.151551551551552,0.53043043043043
0.75975975975976,0.75975975975976,0.151951951951952,0.531831831831832
0.761761761761762,0.761761761761762,0.152352352352352,0.533233233233233
0.763763763763764,0.763763763763764,0.152752752752753,0.534634634634635
0.765765765765766,0.765765765765766,0.153153153153153,0.536036036036036
0.767767767767768,0.767767767767768,0.153553553553554,0.537437437437437
0.76976976976977,0.76976976976977,0.153953953953954,0.538838838838839
0.771771771771772,0.771771771771772,0.154354354354354,0.54024024024024
0.773773773773774,0.773773773773774,0.154754754754755,0.541641641641642
0.775775775775776,0.775775775775776,0.155155155155155,0.543043043043043
0.777777777777778,0.777777777777778,0.155555555555556,0.544444444444444
0.77977977977978,0.77977977977978,0.155955955955956,0.545845845845846
0.781781781781782,0.781781781781782,0.156356356356356,0.547247247247247
0.783783783783784,0.783783783783784,0.156756756756757,0.548648648648649
0.785785785785786,0.785785785785786,0.157157157157157,0.55005005005005
0.787787787787788,0.787787787787788,0.157557557557558,0.551451451451451
0.78978978978979,0.78978978978979,0.157957957957958,0.552852852852853
0.791791791791792,0.791791791791792,0.158358358358358,0.554254254254254
0.793793793793794,0.793793793793794,0.158758758758759,0.555655655655656
0.795795795795796,0.795795795795796,0.159159159159159,0.557057057057057
0.797797797797798,0.797797797797798,0.15955955955956,0.558458458458458
0.7997997997998,0.7997997997998,0.15995995995996,0.55985985985986
0.801801801801802,0.801801801801802,0.16036036036036,0.561261261261261
0.803803803803804,0.803803803803804,0.160760760760761,0.562662662662663
0.805805805805806,0.805805805805806,0.161161161161161,0.564064064064064
0.807807807807808,0.807807807807808,0.161561561561562,0.565465465465465
0.80980980980981,0.80980980980981,0.161961961961962,0.566866866866867
0.811811811811812,0.811811811811812,0.162362362362362,0.568268268268268
0.813813813813814,0.813813813813814,0.162762762762763,0.56966966966967
0.815815815815816,0.815815815815816,0.163163163163163,0.571071071071071
0.817817817817818,0.817817817817818,0.163563563563564,0.572472472472472
0.81981981981982,0.81981981981982,0.163963963963964,0.573873873873874
0.821821821821822,0.821821821821822,0.164364364364364,0.575275275275275
0.823823823823824,0.823823823823824,0.164764764764765,0.576676676676677
0.825825825825826,0.825825825825826,0.165165165165165,0.578078078078078
0.827827827827828,0.827827827827828,0.165565565565566,0.57947947947948
0.82982982982983,0.82982982982983,0.165965965965966,0.580880880880881
0.831831831831832,0.831831831831832,0.166366366366366,0.582282282282282
0.833833833833834,0.833833833833834,0.166766766766767,0.583683683683684
0.835835835835836,0.835835835835836,0.167167167167167,0.585085085085085
0.837837837837838,0.837837837837838,0.167567567567568,0.586486486486486
0.83983983983984,0.83983983983984,0.167967967967968,0.587887887887888
0.841841841841842,0.841841841841842,0.168368368368368,0.589289289289289
0.843843843843844,0.843843843843844,0.168768768768769,0.590690690690691
0.845845845845846,0.845845845845846,0.169169169169169,0.592092092092092
0.847847847847848,0.847847847847848,0.16956956956957,0.593493493493494
0.84984984984985,0.84984984984985,0.16996996996997,0.594894894894895
0.851851851851852,0.851851851851852,0.17037037037037,0.596296296296296
0.853853853853854,0.853853853853854,0.170770770770771,0.597697697697698
0.855855855855856,0.855855855855856,0.171171171171171,0.599099099099099
0.857857857857858,0.857857857857858,0.171571571571572,0.600500500500501
0.85985985985986,0.85985985985986,0.171971971971972,0.601901901901902
0.861861861861862,0.861861861861862,0.172372372372372,0.603303303303303
0.863863863863864,0.863863863863864,0.172772772772773,0.604704704704705
0.865865865865866,0.865865865865866,0.173173173173173,0.606106106106106
0.867867867867868,0.867867867867868,0.173573573573574,0.607507507507507
0.86986986986987,0.86986986986987,0.173973973973974,0.608908908908909
0.871871871871872,0.871871871871872,0.174374374374374,0.61031031031031
0.873873873873874,0.873873873873874,0.174774774774775,0.611711711711712
0.875875875875876,0.875875875875876,0.175175175175175,0.613113113113113
0.877877877877878,0.877877877877878,0.175575575575576,0.614514514514515
0.87987987987988,0.87987987987988,0.175975975975976,0.615915915915916
0.881881881881882,0.881881881881882,0.176376376376376,0.617317317317317
0.883883883883884,0.883883883883884,0.176776776776777,0.618718718718719
0.885885885885886,0.885885885885886,0.177177177177177,0.62012012012012
0.887887887887888,0.887887887887888,0.177577577577578,0.621521521521522
0.88988988988989,0.88988988988989,0.177977977977978,0.622922922922923
0.891891891891892,0.891891891891892,0.178378378378378,0.624324324324324
0.893893893893894,0.893893893893894,0.178778778778779,0.625725725725726
0.895895895895896,0.895895895895896,0.179179179179179,0.627127127127127
0.897897897897898,0.897897897897898,0.17957957957958,0.628528528528529
0.8998998998999,0.8998998998999,0.17997997997998,0.62992992992993
0.901901901901902,0.901901901901902,0.18038038038038,0.631331331331331
0.903903903903904,0.903903903903904,0.180780780780781,0.632732732732733
0.905905905905906,0.905905905905906,0.181181181181181,0.634134134134134
0.907907907907908,0.907907907907908,0.181581581581582,0.635535535535536
0.90990990990991,0.90990990990991,0.181981981981982,0.636936936936937
0.911911911911912,0.911911911911912,0.182382382382382,0.638338338338338
0.913913913913914,0.913913913913914,0.182782782782783,0.63973973973974
0.915915915915916,0.915915915915916,0.183183183183183,0.641141141141141
0.917917917917918,0.917917917917918,0.183583583583584,0.642542542542543
0.91991991991992,0.91991991991992,0.183983983983984,0.643943943943944
0.921921921921922,0.921921921921922,0.184384384384384,0.645345345345345
0.923923923923924,0.923923923923924,0.184784784784785,0.646746746746747
0.925925925925926,0.925925925925926,0.185185185185185,0.648148148148148
0.927927927927928,0.927927927927928,0.185585585585586,0.64954954954955
0.92992992992993,0.92992992992993,0.185985985985986,0.650950950950951
0.931931931931932,0.931931931931932,0.186386386386386,0.652352352352352
0.933933933933934,0.933933933933934,0.186786786786787,0.653753753753754
0.935935935935936,0.935935935935936,0.187187187187187,0.655155155155155
0.937937937937938,0.937937937937938,0.187587587587588,0.656556556556557
0.93993993993994,0.93993993993994,0.187987987987988,0.657957957957958
0.941941941941942,0.941941941941942,0.188388388388388,0.659359359359359
0.943943943943944,0.943943943943944,0.188788788788789,0.660760760760761
0.945945945945946,0.945945945945946,0.189189189189189,0.662162162162162
0.947947947947948,0.947947947947948,0.18958958958959,0.663563563563564
0.94994994994995,0.94994994994995,0.18998998998999,0.664964964964965
0.951951951951952,0.951951951951952,0.19039039039039,0.666366366366366
0.953953953953954,0.953953953953954,0.190790790790791,0.667767767767768
0.955955955955956,0.955955955955956,0.191191191191191,0.669169169169169
0.957957957957958,0.957957957957958,0.191591591591592,0.670570570570571
0.95995995995996,0.95995995995996,0.191991991991992,0.671971971971972
0.961961961961962,0.961961961961962,0.192392392392392,0.673373373373373
0.963963963963964,0.963963963963964,0.192792792792793,0.674774774774775
0.965965965965966,0.965965965965966,0.193193193193193,0.676176176176176
0.967967967967968,0.967967967967968,0.193593593593594,0.677577577577578
0.96996996996997,0.96996996996997,0.193993993993994,0.678978978978979
0.971971971971972,0.971971971971972,0.194394394394394,0.68038038038038
0.973973973973974,0.973973973973974,0.194794794794795,0.681781781781782
0.975975975975976,0.975975975975976,0.195195195195195,0.683183183183183
0.977977977977978,0.977977977977978,0.195595595595596,0.684584584584585
0.97997997997998,0.97997997997998,0.195995995995996,0.685985985985986
0.981981981981982,0.981981981981982,0.196396396396396,0.687387387387387
0.983983983983984,0.983983983983984,0.196796796796797,0.688788788788789
0.985985985985986,0.985985985985986,0.197197197197197,0.69019019019019
0.987987987987988,0.987987987987988,0.197597597597598,0.691591591591592
0.98998998998999,0.98998998998999,0.197997997997998,0.692992992992993
0.991991991991992,0.991991991991992,0.198398398398398,0.694394394394394
0.993993993993994,0.993993993993994,0.198798798798799,0.695795795795796
0.995995995995996,0.995995995995996,0.199199199199199,0.697197197197197
0.997997997997998,0.997997997997998,0.1995995995996,0.698598598598599
1,1,0.2,0.7
